name	orig_taste	reference	smiles	can-smiles	In Bitter Domain	taste	orig_idx	EA(eV)	IP(eV)	CNS	dip^2/V	CIQPlogS	RuleOfThree	RuleOfFive	PSA	HumanOralAbsorption	PercentHumanOralAbsorption	SAfluorine	SAamideO	#stars	#amine	#amidine	#acid	#amide	#rotor	#rtvFG	#metab	#NandO	#ringatoms	#in34	#in56	#noncon	#nonHatm	QPpolrz	QPlogPC16	QPlogPoct	QPlogPw	QPlogPo/w	QPlogS	QPlogHERG	QPPCaco	QPlogBB	QPPMDCK	QPlogKp	QPlogKhsa	dipole	SASA	FOSA	FISA	PISA	WPSA	volume	donorHB	accptHB	ACxDN^.5/SA	glob	MW	AlogP	RB	PSA	Estate	MR	Polar	Num aromatic rings	RingCount	ChiralCenterCount	HeavyAtomCount	Total charge
Alitame	Sweet	Rojas et al. (2017)	CC(COCNC1C(C)(C)SC1(C)C)NCOCC(CC(=O)O)N	CC(COCNC1C(C)(C)SC1(C)C)NCOCC(CC(=O)O)N		True	1819	-0.253	9.045	-1.0	0.0022358	0.297	2.0	0.0	140.17	2.0	35.815	0.0	0.0	1.0	3.0	0.0	1.0	0.0	13.0	0.0	7.0	7.0	4.0	4.0	0.0	3.0	24.0	31.241	10.713	20.262	13.507	-0.85	0.731	-3.7119999999999997	5.94	-0.06	5.312	-5.983	-0.6	1.599	595.203	472.405	86.09100000000001	0.0	36.707	1142.979	4.0	8.9	0.0299058	0.8882303	364.5239	-2.9159	12	140.17	57.998999999999995	89.1768	38.434	0	1	2	24	1
Maltitol	Sweet	Rojas et al. (2017)	OCC(C(C(C(CO)O)O)OC1OC(CO)C(C(C1O)O)O)O	OCC(C(C(C(CO)O)O)OC1OC(CO)C(C(C1O)O)O)O		True	1052	-1.511	10.534	-2.0	0.020609400000000003	0.109	2.0	2.0	200.53	1.0	0.0	0.0	0.0	10.0	0.0	0.0	0.0	0.0	17.0	1.0	9.0	11.0	6.0	0.0	6.0	5.0	23.0	22.878	11.950999999999999	30.936999999999998	31.229	-3.9189999999999996	-0.672	-3.813	6.039	-3.5239999999999996	1.976	-6.135	-1.5430000000000001	4.5360000000000005	562.31	223.28900000000002	339.02099999999996	0.0	0.0	998.202	9.0	18.7	0.099767	0.8590165999999999	344.3124	-4.6871	8	200.53	77.497	70.8169	29.026999999999997	0	1	9	23	0
Isomalt (Palatinit) / Isomaltitol	Sweet	Rojas et al. (2017)	OCC(C(C(C(COC1OC(CO)C(C(C1O)O)O)O)O)O)O	OCC(C(C(C(COC1OC(CO)C(C(C1O)O)O)O)O)O)O		True	934	-1.6740000000000002	10.412	-2.0	0.0209024	0.109	2.0	2.0	200.53	1.0	0.0	0.0	0.0	9.0	0.0	0.0	0.0	0.0	17.0	1.0	9.0	11.0	6.0	0.0	6.0	5.0	23.0	24.31	12.322000000000001	31.410999999999998	31.429000000000002	-4.0760000000000005	-0.7609999999999999	-4.381	4.253	-3.948	1.3530000000000002	-6.431	-1.713	4.649	600.181	245.104	355.077	0.0	0.0	1033.985	9.0	18.7	0.09347180000000001	0.8239337	344.3124	-4.6871	8	200.53	77.497	70.8169	29.026999999999997	0	1	9	23	0
Erythritol	Sweet	Rojas et al. (2017)	OCC(C(CO)O)O	OCC(C(CO)O)O		True	1152	-2.2569999999999997	10.978	-2.0	0.0156511	-0.42100000000000004	0.0	0.0	80.92	2.0	57.938	0.0	0.0	5.0	0.0	0.0	0.0	0.0	7.0	0.0	4.0	4.0	0.0	0.0	0.0	0.0	8.0	7.8020000000000005	4.779	11.564	12.738	-1.544	-0.16899999999999998	-2.634	172.505	-1.2830000000000001	74.033	-4.266	-0.9940000000000001	2.6860000000000004	309.719	124.219	185.5	0.0	0.0	461.038	4.0	6.8	0.0439107	0.9318681000000001	122.1198	-1.9188	3	80.92	29.666	26.4786	10.662	0	0	2	8	0
Rebaudioside B	Sweet	Rojas et al. (2017)	OCC1OC(OC23CCC4C(C2)(CC3=C)CCC2C4(C)CCCC2(C)C(=O)O)C(C(C1O)OC1OC(CO)C(C(C1O)O)O)OC1OC(CO)C(C(C1O)O)O	OCC1OC(OC23CCC4C(C2)(CC3=C)CCC2C4(C)CCCC2(C)C(=O)O)C(C(C1O)OC1OC(CO)C(C(C1O)O)O)OC1OC(CO)C(C(C1O)O)O		True	455	-1.0190000000000001	9.867	-2.0	0.0542285	-3.747	2.0	3.0	297.81	1.0	0.0	0.0	0.0	14.0	0.0	0.0	1.0	0.0	20.0	3.0	11.0	18.0	34.0	0.0	34.0	30.0	56.0	62.781000000000006	21.711	53.873999999999995	44.119	-2.097	-1.5590000000000002	-2.608	0.725	-4.301	0.254	-6.444	-1.749	10.520999999999999	943.6439999999999	560.825	373.23199999999997	9.587	0.0	2041.125	11.0	28.25	0.0992902	0.8246505	803.8643	-2.2492	10	297.81	152.995	183.85299999999998	75.059	0	7	21	56	-1
Rebaudioside E	Sweet	Rojas et al. (2017)	OCC1OC(OC(=O)C2(C)CCCC3(C2CCC24C3CCC(C4)(C(=C)C2)OC2OC(CO)C(C(C2OC2OC(CO)C(C(C2O)O)O)O)O)C)C(C(C1O)O)OC1OC(CO)C(C(C1O)O)O	OCC1OC(OC(=O)C2(C)CCCC3(C2CCC24C3CCC(C4)(C(=C)C2)OC2OC(CO)C(C(C2OC2OC(CO)C(C(C2O)O)O)O)O)C)C(C(C1O)O)OC1OC(CO)C(C(C1O)O)O		True	1370	-0.261	9.843	-2.0	0.0036306999999999993	-3.298	2.0	3.0	374.13	1.0	0.0	0.0	0.0	16.0	0.0	0.0	0.0	0.0	26.0	4.0	15.0	23.0	40.0	0.0	40.0	35.0	67.0	73.00399999999999	25.868000000000002	66.156	56.547	-4.5969999999999995	-0.153	-4.617	0.43200000000000005	-5.59	0.114	-7.399	-2.327	2.945	1056.951	569.279	459.806	27.866	0.0	2388.48	14.0	36.75	0.13009669999999998	0.8175689	967.0128	-3.4758	13	374.13	183.16	218.562	89.23	0	8	26	67	0
Raffinose	Sweet	Rojas et al. (2017)	OCC1OC(C(C1O)O)(CO)OC1OC(COC2OC(CO)C(C(C2O)O)O)C(C(C1O)O)O	OCC1OC(C(C1O)O)(CO)OC1OC(COC2OC(CO)C(C(C2O)O)O)C(C(C1O)O)O		True	2625	-1.508	10.652000000000001	-2.0	0.035805699999999996	0.022000000000000002	2.0	3.0	268.68	1.0	0.0	0.0	0.0	12.0	0.0	0.0	0.0	0.0	19.0	3.0	11.0	16.0	17.0	0.0	17.0	14.0	34.0	31.729	14.937999999999999	40.993	40.492	-4.654	-0.43700000000000006	-3.1010000000000004	3.975	-3.51	1.258	-6.296	-1.5030000000000001	6.694	621.922	263.749	358.173	0.0	0.0	1251.44	11.0	25.3	0.1349214	0.9030305000000001	504.4371	-6.0574	8	268.68	108.079	101.1874	41.674	0	3	14	34	0
Rhamnose	Sweet	Rojas et al. (2017)	OC1C(C)OC(C(C1O)O)O	OC1C(C)OC(C(C1O)O)O		True	2496	-2.301	10.255999999999998	-1.0	0.0365559	-0.369	0.0	0.0	90.15	2.0	62.092	0.0	0.0	2.0	0.0	0.0	0.0	0.0	4.0	1.0	3.0	5.0	6.0	0.0	6.0	5.0	11.0	12.686	5.555	14.489	14.997	-1.46	-0.943	-2.4730000000000003	276.235	-0.91	123.15100000000001	-4.157	-0.8320000000000001	4.422	338.36400000000003	174.426	163.938	0.0	0.0	534.952	4.0	8.5	0.0502418	0.9418701999999999	164.1565	-1.6252	0	90.15	36.165	34.3791	14.195	0	1	5	11	0
Gentiobiose	Bitter	Rojas et al. (2017)	OCC1OC(OCC2OC(O)C(C(C2O)O)O)C(C(C1O)O)O	OCC1OC(OCC2OC(O)C(C(C2O)O)O)C(C(C1O)O)O		False	788	-1.893	10.457	-2.0	0.0123257	0.11699999999999999	2.0	2.0	189.53	1.0	0.0	0.0	0.0	4.0	0.0	0.0	0.0	0.0	12.0	2.0	7.0	11.0	12.0	0.0	12.0	10.0	23.0	24.587	11.253	30.049	30.694000000000003	-3.847	-1.287	-3.715	9.152999999999999	-3.01	3.0980000000000003	-6.265	-1.368	3.4410000000000003	544.2909999999999	224.31599999999997	319.975	0.0	0.0	960.67	8.0	18.7	0.09717510000000001	0.8650671	342.2965	-4.2603	4	189.53	74.83	68.3367	28.253	0	2	10	23	0
Oleuropein	Bitter	Rojas et al. (2017)	OCC1OC(OC2OC=C(C(C2=CC)CC(=O)OCCc2ccc(c(c2)O)O)C(=O)OC)C(C(C1O)O)O	OCC1OC(OC2OC=C(C(C2=CC)CC(=O)OCCc2ccc(c(c2)O)O)C(=O)OC)C(C(C1O)O)O		False	766	0.141	8.967	-2.0	0.0081204	-3.805	2.0	3.0	201.67	1.0	0.0	0.0	0.0	5.0	0.0	0.0	0.0	0.0	15.0	4.0	10.0	13.0	18.0	0.0	18.0	7.0	38.0	49.211999999999996	18.073	34.99	27.761999999999997	-0.595	-3.594	-6.159	6.255	-4.242	2.053	-5.757000000000001	-1.041	3.59	866.686	375.67800000000005	337.41	153.597	0.0	1587.467	6.0	17.4	0.049177099999999994	0.759346	540.5138	-0.0706	11	201.67	108.5	127.6442	53.81	1	3	7	38	0
CaffeineÂ 	Bitter	Rojas et al. (2017)	Cn1cnc2c1c(=O)n(C)c(=O)n2C	Cn1cnc2c1c(=O)n(C)c(=O)n2C		False	2425	0.488	8.982000000000001	0.0	0.0397264	-1.4169999999999998	0.0	0.0	61.82	3.0	80.685	0.0	0.0	1.0	0.0	0.0	0.0	0.0	0.0	0.0	0.0	6.0	9.0	0.0	9.0	0.0	14.0	20.294	5.455	9.354	6.697	-0.07	-0.92	-3.323	1059.958	-0.267	526.846	-3.2	-0.841	5.07	399.06800000000004	238.41	102.353	58.305	0.0	646.948	0.0	5.0	0.0	0.9064926999999999	194.1906	0.6643	0	61.82	37.668	48.9932	21.791	2	2	0	14	0
Saccharin derivative 1	Sweet	Rojas et al. (2017)	Cc1ccc2c(c1)S(=O)(=O)NC2=O	Cc1ccc2c(c1)S(=O)(=O)NC2=O		True	1564	1.163	10.360999999999999	-1.0	0.0272034	-1.8330000000000002	0.0	0.0	59.59	3.0	67.986	0.0	0.0	0.0	0.0	0.0	0.0	0.0	0.0	0.0	1.0	4.0	9.0	0.0	9.0	1.0	13.0	18.88	6.09	10.607999999999999	8.991	-0.03	-1.508	-3.5860000000000003	200.83	-0.883	89.34299999999999	-4.419	-0.594	4.037	379.444	88.162	178.537	110.869	1.875	599.07	1.0	5.0	0.013177200000000002	0.9057369000000001	196.2031	1.4606	0	59.59	36.585	43.6377	21.482	1	2	0	13	-1
Compound 5	Sweet	Rojas et al. (2017)	COc1ccc(cc1O)C1OCc2c(C1)cccc2	COc1ccc(cc1O)C1OCc2c(C1)cccc2		True	2647	-0.174	8.77	0.0	0.009174700000000001	-3.897	0.0	0.0	38.69	3.0	100.0	0.0	0.0	0.0	0.0	0.0	0.0	0.0	2.0	0.0	6.0	3.0	16.0	0.0	16.0	3.0	19.0	29.656	8.692	12.642000000000001	7.324	3.278	-4.13	-5.122000000000001	2983.77	-0.055999999999999994	1612.557	-1.395	0.26899999999999996	2.8139999999999996	511.35	188.082	54.955	268.313	0.0	862.8689999999999	1.0	3.2	0.006257899999999999	0.8571896000000001	256.2964	3.0371	2	38.69	41.668	73.3744	35.099000000000004	2	3	1	19	0
Isoflavan or 3-(3-Hydroxy-4-methoxyphenyl)-3,4-dihydro-2H-1benzopyran (10)	Sweet	Rojas et al. (2017)	COc1ccc(cc1O)C1COc2c(C1)cccc2	COc1ccc(cc1O)C1COc2c(C1)cccc2		True	2583	-0.045	8.874	0.0	0.0017929999999999999	-4.246	0.0	0.0	38.69	3.0	100.0	0.0	0.0	0.0	0.0	0.0	0.0	0.0	2.0	0.0	4.0	3.0	16.0	0.0	16.0	3.0	19.0	29.313000000000002	8.641	11.925999999999998	6.377000000000001	3.6039999999999996	-4.313	-5.024	2984.241	-0.048	1612.832	-1.392	0.419	1.237	504.173	180.092	54.946999999999996	269.134	0.0	854.0980000000001	1.0	2.25	0.0044628	0.8634898999999999	256.2964	3.4122	2	38.69	41.668	73.1555	35.099000000000004	2	3	1	19	0
2-(3-Hydroxy-4-methoxyphenyl)-4,5-dihydro-1,3-benzodioxepine (11)	Tasteless	Rojas et al. (2017)	COc1ccc(cc1O)C1OCCc2c(O1)cccc2	COc1ccc(cc1O)C1OCCc2c(O1)cccc2		False	610	-0.040999999999999995	8.77	0.0	0.0165713	-3.698	0.0	0.0	47.92	3.0	100.0	0.0	0.0	0.0	0.0	0.0	0.0	0.0	2.0	1.0	3.0	4.0	17.0	0.0	12.0	3.0	20.0	30.295	8.887	13.401	8.041	3.083	-3.891	-4.939	2982.427	-0.044000000000000004	1611.773	-1.4069999999999998	0.18	3.818	511.776	191.85299999999998	54.975	264.948	0.0	879.645	1.0	3.95	0.007718200000000001	0.8675409	272.2958	3.2568	2	47.92	45.168	74.3814	35.736	2	3	1	20	0
Compound 25	Tasteless	Rojas et al. (2017)	COc1ccc(cc1O)C1OC(=O)c2c1cccc2	COc1ccc(cc1O)C1OC(=O)c2c1cccc2		False	1433	0.7140000000000001	9.014	0.0	0.051290699999999995	-3.487	0.0	0.0	55.76	3.0	90.478	0.0	0.0	0.0	0.0	0.0	0.0	0.0	2.0	0.0	3.0	4.0	15.0	0.0	15.0	1.0	19.0	27.366999999999997	8.61	13.455	8.806000000000001	1.9980000000000002	-3.097	-4.612	787.018	-0.5479999999999999	381.876	-2.5860000000000003	-0.09300000000000001	6.446000000000001	475.861	110.34700000000001	115.988	249.525	0.0	810.163	1.0	4.5	0.0094565	0.883216	256.2534	2.7673	2	55.76	47.335	68.5802	33.35	2	3	1	19	0
2-(3-Hydroxy-4-methoxyphenyl)-1,3-benzoxathiole (10e)	Sweet	Rojas et al. (2017)	COc1ccc(cc1O)C1Oc2c(S1)cccc2	COc1ccc(cc1O)C1Oc2c(S1)cccc2		True	1378	0.32799999999999996	8.668	1.0	0.0018751999999999998	-4.213	0.0	0.0	63.99	3.0	100.0	0.0	0.0	0.0	0.0	0.0	0.0	0.0	2.0	0.0	3.0	3.0	15.0	0.0	15.0	1.0	18.0	27.535	8.551	11.8	6.86	3.282	-3.93	-4.919	2983.679	0.062	2713.7090000000003	-1.376	0.20800000000000002	1.2309999999999999	481.749	111.899	54.956	273.627	41.266999999999996	808.602	1.0	2.75	0.0057084	0.8712985000000001	260.3083	3.6734	2	63.99	40.501	70.9662	34.429	2	3	1	18	0
2-(3-Hydroxy-4-methylthiophenyl)-2,3-dihydro-1,4-benzoxathiine (15c)	Tasteless	Rojas et al. (2017)	CSc1ccc(cc1O)C1CSc2c(O1)cccc2	CSc1ccc(cc1O)C1CSc2c(O1)cccc2		False	1206	0.542	8.765	1.0	0.006915999999999999	-4.915	0.0	0.0	80.06	3.0	100.0	0.0	0.0	0.0	0.0	0.0	0.0	0.0	2.0	0.0	3.0	2.0	16.0	0.0	16.0	2.0	19.0	31.546999999999997	9.628	13.217	6.678	4.271	-5.159	-5.3389999999999995	4162.657	0.275	6505.920999999999	-1.083	0.518	2.506	535.819	137.042	39.705999999999996	277.017	82.054	908.039	1.0	2.5	0.0046658	0.8463504000000001	290.4005	4.0606	2	80.06	40.334	82.3421	38.626999999999995	2	3	1	19	0
2-(3-Hydroxy-4-methoxyphenyl)-3,4-dihydro-2H-1-benzothiopyran (18)	Sweet	Rojas et al. (2017)	COc1ccc(cc1O)C1CCc2c(S1)cccc2	COc1ccc(cc1O)C1CCc2c(S1)cccc2		True	1742	0.21100000000000002	8.544	1.0	0.0072554	-4.668	0.0	0.0	54.76	3.0	100.0	0.0	0.0	0.0	0.0	0.0	0.0	0.0	2.0	0.0	5.0	2.0	16.0	0.0	16.0	3.0	19.0	30.771	9.127	12.485999999999999	6.143	4.05	-4.914	-5.166	2986.506	0.012	2340.031	-1.4169999999999998	0.568	2.544	525.705	179.407	54.913000000000004	261.945	29.441	892.2539999999999	1.0	2.0	0.0038044000000000003	0.8526065	272.362	4.2311	2	54.76	40.001	79.3148	37.461999999999996	2	3	1	19	0
3-(3-Hydroxy-4-methoxyphenyl)-3,4-dihydro-2H-1-benzothiopyran (19)	Tasteless	Rojas et al. (2017)	COc1ccc(cc1O)C1CSc2c(C1)cccc2	COc1ccc(cc1O)C1CSc2c(C1)cccc2		False	558	0.023	8.581	1.0	0.0020886	-4.668	0.0	0.0	54.76	3.0	100.0	0.0	0.0	0.0	0.0	0.0	0.0	0.0	2.0	0.0	5.0	2.0	16.0	0.0	16.0	3.0	19.0	30.656999999999996	9.17	12.431	6.122999999999999	4.075	-4.926	-5.122999999999999	2985.387	0.040999999999999995	2688.118	-1.4269999999999998	0.563	1.3630000000000002	523.745	169.347	54.93	259.001	40.467	890.097	1.0	2.0	0.0038186	0.8544166	272.362	3.9704	2	54.76	40.001	79.5988	37.461999999999996	2	3	1	19	0
2-(3-Mercapto-4-methoxyphenyl)-4H-3,1-benzoxathiine (23)	Sweet	Rojas et al. (2017)	COc1ccc(cc1S)C1OCc2c(S1)cccc2	COc1ccc(cc1S)C1OCc2c(S1)cccc2		True	2547	0.349	8.488	-2.0	0.007115300000000001	-4.16	0.0	0.0	43.76	3.0	100.0	0.0	0.0	1.0	0.0	0.0	0.0	0.0	2.0	1.0	6.0	2.0	16.0	0.0	16.0	2.0	19.0	30.897	9.29	13.137	6.978	4.351	-4.16	-5.27	9906.038	-1.079	10000.0	-0.386	0.311	2.522	529.466	153.187	0.0	267.27	109.01	894.127	0.8	3.45	0.005828100000000001	0.8477336	289.3925	3.6101	2	43.76	36.001	73.7923	38.24	2	3	1	19	-1
3,9,10-Trimethoxy-7,11b-dihydrobenz[b]indeno[1,2-d]pyran-4,6a-diol (6)	Tasteless	Rojas et al. (2017)	COc1cc2CC3(C(c2cc1OC)c1ccc(c(c1OC3)O)OC)O	COc1cc2CC3(C(c2cc1OC)c1ccc(c(c1OC3)O)OC)O		False	276	-0.044000000000000004	8.683	0.0	0.011326899999999999	-5.1	1.0	0.0	77.38	3.0	100.0	0.0	0.0	0.0	0.0	0.0	0.0	0.0	5.0	0.0	7.0	6.0	17.0	0.0	17.0	4.0	25.0	32.743	9.64	15.761	8.74	3.185	-4.269	-4.435	1358.4660000000001	-0.5710000000000001	688.9060000000001	-2.325	0.289	3.408	576.332	374.102	90.98899999999999	111.241	0.0	1025.613	2.0	4.5	0.0110422	0.8533902	344.3585	2.3434	3	77.38	58.919	90.6422	41.74100000000001	2	4	2	25	0
4,9,10-Trimethoxy-7,11b-dihydrobenz[b]indeno[1,2-d]pyran-3,6a-diol (7)	Tasteless	Rojas et al. (2017)	COc1cc2c(cc1OC)CC1(C2c2ccc(c(c2OC1)OC)O)O	COc1cc2c(cc1OC)CC1(C2c2ccc(c(c2OC1)OC)O)O		False	1744	0.012	8.746	0.0	0.0093457	-5.1	1.0	0.0	77.38	3.0	100.0	0.0	0.0	0.0	0.0	0.0	0.0	0.0	5.0	0.0	7.0	6.0	17.0	0.0	17.0	4.0	25.0	32.387	9.613	15.665	8.658999999999999	3.185	-3.918	-4.012	1542.2089999999998	-0.47100000000000003	790.1519999999999	-2.213	0.28	3.082	555.651	358.039	85.179	112.432	0.0	1016.427	2.0	4.5	0.011453200000000002	0.8798611	344.3585	2.3434	3	77.38	58.919	90.6422	41.74100000000001	2	4	2	25	0
Tetramethylhaematoxylin (8)	Bitter	Rojas et al. (2017)	COc1cc2CC3(C(c2cc1OC)c1ccc(c(c1OC3)OC)OC)O	COc1cc2CC3(C(c2cc1OC)c1ccc(c(c1OC3)OC)OC)O		False	376	-0.024	8.73	0.0	0.0081129	-5.459	1.0	0.0	66.38	3.0	100.0	0.0	0.0	0.0	0.0	0.0	0.0	0.0	5.0	0.0	7.0	6.0	17.0	0.0	17.0	4.0	26.0	34.92	9.537	14.786	6.922999999999999	4.046	-4.675	-4.351	4191.978	-0.096	2328.688	-1.3969999999999998	0.485	2.9619999999999997	594.918	451.09	39.384	104.444	0.0	1081.643	1.0	4.5	0.007564100000000001	0.8565716	358.3851	2.5944	4	66.38	58.419	95.4113	43.576	2	4	2	26	0
Compound 8	Sweet	Rojas et al. (2017)	COc1ccc2c(c1O)CCC1C2CCC2(C1CCC2)C	COc1ccc2c(c1O)CCC1C2CCC2(C1CCC2)C		True	1901	-0.322	8.712	1.0	0.0045303999999999995	-4.688	0.0	0.0	29.46	3.0	100.0	0.0	0.0	1.0	0.0	0.0	0.0	0.0	2.0	0.0	4.0	2.0	17.0	0.0	17.0	11.0	21.0	32.069	8.356	12.217	4.315	4.379	-5.132000000000001	-3.906	3639.973	0.043	1999.0829999999999	-1.925	0.884	2.097	542.381	426.277	45.851000000000006	70.253	0.0	970.422	1.0	1.5	0.0027656	0.8739783000000001	286.4085	4.8982	1	29.46	39.917	84.5656	36.505	1	4	4	21	0
Compound 17	Tasteless	Rojas et al. (2017)	COc1ccc(cc1)C1OCc2c(S1)cccc2	COc1ccc(cc1)C1OCc2c(S1)cccc2		False	2032	0.195	8.641	-1.0	0.0023413	-4.011	0.0	0.0	43.76	3.0	100.0	0.0	0.0	1.0	0.0	0.0	0.0	0.0	1.0	0.0	5.0	2.0	16.0	0.0	16.0	2.0	18.0	29.748	8.407	10.998	5.7379999999999995	3.734	-4.011	-5.202000000000001	9906.038	-0.85	8733.412	-0.322	0.221	1.401	496.983	153.243	0.0	312.637	31.103	838.543	0.0	2.95	0.0	0.8653136	258.3355	3.7612	2	43.76	36.334	74.376	35.626999999999995	2	3	1	18	0
Compound 18	Sweet	Rojas et al. (2017)	Oc1cccc(c1)C1OCc2c(S1)cccc2	Oc1cccc(c1)C1OCc2c(S1)cccc2		True	240	0.317	8.71	1.0	0.009609600000000001	-3.813	0.0	0.0	54.76	3.0	100.0	0.0	0.0	0.0	0.0	0.0	0.0	0.0	1.0	0.0	6.0	2.0	16.0	0.0	16.0	2.0	17.0	27.75	8.615	12.152999999999999	7.605	3.082	-3.8160000000000003	-5.159	3000.074	0.1	2401.038	-1.284	0.153	2.747	472.19599999999997	60.515	54.705	325.883	31.093000000000004	785.45	1.0	2.95	0.006247399999999999	0.8718769000000001	244.3089	3.5102	1	54.76	36.834	69.6069	33.792	2	3	1	17	0
Compound 19	Tasteless	Rojas et al. (2017)	CCNC(=O)Oc1cc(ccc1OC)C1OCc2c(S1)cccc2	CCNC(=O)Oc1cc(ccc1OC)C1OCc2c(S1)cccc2		False	2039	0.245	8.612	0.0	0.017405599999999997	-4.695	0.0	0.0	82.09	3.0	100.0	0.0	0.0	0.0	0.0	0.0	0.0	0.0	3.0	0.0	5.0	5.0	16.0	0.0	16.0	2.0	24.0	38.198	10.987	17.205	10.029	3.7310000000000003	-5.29	-5.8389999999999995	3332.8179999999998	-0.048	2684.702	-1.2329999999999999	0.298	4.364	633.51	292.22700000000003	49.888000000000005	260.462	30.933000000000003	1094.224	1.0	5.95	0.0093921	0.8106174	345.4128	4.0681	5	82.09	54.168	93.8298	43.206	2	3	1	24	0
Compound 30	Tasteless	Rojas et al. (2017)	COc1ccc(cc1O)C1Oc2ccccc2OC1C	COc1ccc(cc1O)C1Oc2ccccc2OC1C		False	1360	0.003	8.925	0.0	0.0019434	-4.3580000000000005	0.0	0.0	47.92	3.0	100.0	0.0	0.0	0.0	0.0	0.0	0.0	0.0	2.0	0.0	3.0	4.0	16.0	0.0	16.0	2.0	20.0	30.866	9.021	12.872	7.206	3.5460000000000003	-4.41	-5.18	2983.285	-0.057	1612.274	-1.369	0.382	1.3159999999999998	523.381	192.78	54.961999999999996	275.639	0.0	891.346	1.0	3.0	0.005732	0.8558108	272.2958	3.3217	2	47.92	45.501000000000005	73.8737	35.736	2	3	2	20	0
2-(4-methoxybenzoyl) benzoic acid	Sweet	Rojas et al. (2017)	COc1ccc(cc1)C(=O)c1ccccc1C(=O)O	COc1ccc(cc1)C(=O)c1ccccc1C(=O)O		True	2358	0.6729999999999999	9.44	-1.0	0.0071844	-3.28	0.0	0.0	66.43	3.0	85.287	0.0	0.0	0.0	0.0	0.0	1.0	0.0	4.0	0.0	1.0	4.0	12.0	0.0	12.0	0.0	19.0	26.686	8.845	12.710999999999999	8.785	2.951	-3.411	-2.978	196.90200000000002	-0.6829999999999999	108.631	-2.324	-0.361	2.427	481.836	92.97	116.551	272.315	0.0	819.79	1.0	4.75	0.0098581	0.8791595	255.2454	2.1444	4	66.43	54.501999999999995	67.5773	32.823	2	2	0	19	-1
Compound 3	Sweet	Rojas et al. (2017)	Cc1ccc(cc1)C(=O)c1ccccc1C(=O)O	Cc1ccc(cc1)C(=O)c1ccccc1C(=O)O		True	257	0.693	9.777000000000001	-1.0	0.0031327	-3.242	0.0	0.0	57.2	3.0	85.193	0.0	0.0	0.0	0.0	0.0	1.0	0.0	3.0	0.0	1.0	3.0	12.0	0.0	12.0	0.0	18.0	26.65	8.662	12.262	8.246	2.9339999999999997	-3.411	-2.998	197.03099999999998	-0.626	108.709	-2.423	-0.22899999999999998	1.5859999999999999	476.065	88.20700000000001	116.521	271.33799999999997	0.0	803.085	1.0	4.0	0.0084022	0.8776862	239.24599999999998	2.647	3	57.2	51.001999999999995	66.1553	32.186	2	2	0	18	-1
Compound 7	Sweet	Rojas et al. (2017)	Oc1ccc(cc1)C(=O)c1ccccc1C(=O)O	Oc1ccc(cc1)C(=O)c1ccccc1C(=O)O		True	2485	0.684	9.517999999999999	-2.0	0.0008782999999999999	-3.002	0.0	0.0	77.43	3.0	69.562	0.0	0.0	1.0	0.0	0.0	1.0	0.0	4.0	0.0	1.0	4.0	12.0	0.0	12.0	0.0	18.0	24.636	9.058	13.663	10.644	1.8459999999999999	-2.464	-2.9019999999999997	59.86600000000001	-1.125	29.996	-3.285	-0.49200000000000005	0.82	455.976	0.0	171.077	284.899	0.0	765.557	2.0	4.75	0.0147322	0.8875822	241.2189	1.8934	3	77.43	55.001999999999995	62.8082	30.988000000000003	2	2	0	18	-1
2-(4-Nitrobenzoyl)benzoic Acid (10)	Bitter	Rojas et al. (2017)	O=C(c1ccccc1C(=O)O)c1ccc(cc1)N(=O)=O	O=C(c1ccccc1C(=O)O)c1ccc(cc1)N(=O)=O		False	994	1.76	10.49	-2.0	0.051369200000000004	-3.4789999999999996	0.0	0.0	100.34	2.0	63.903	0.0	0.0	1.0	0.0	0.0	1.0	0.0	4.0	0.0	1.0	6.0	12.0	0.0	12.0	0.0	20.0	26.58	9.461	13.879000000000001	9.686	2.128	-2.9930000000000003	-3.063	23.377	-1.55	10.855	-4.131	-0.414	6.481	484.249	0.0	214.142	270.107	0.0	817.675	1.0	5.0	0.010325299999999999	0.8732733	270.217	2.0552	4	100.34	65.002	68.4388	31.897	2	2	0	20	-1
Compound 12	Sweet	Rojas et al. (2017)	Clc1ccc(cc1)C(=O)c1ccccc1C(=O)O	Clc1ccc(cc1)C(=O)c1ccccc1C(=O)O		True	2761	0.878	9.717	-1.0	0.0039946999999999995	-3.6430000000000002	0.0	0.0	57.2	3.0	85.495	0.0	0.0	1.0	0.0	0.0	1.0	0.0	3.0	0.0	0.0	3.0	12.0	0.0	12.0	0.0	18.0	26.064	9.082	12.444	8.302999999999999	2.9819999999999998	-3.4339999999999997	-2.968	197.567	-0.44	268.77299999999997	-2.3930000000000002	-0.271	1.7730000000000001	467.27	0.0	116.396	279.343	71.531	786.53	1.0	4.0	0.0085604	0.8818752000000001	259.6645	2.8252	3	57.2	53.113	65.9189	32.321	2	2	0	18	-1
2-(3-Hydroxy-4-methoxybenzoyl)benzoic Acid (15)	Sweet	Rojas et al. (2017)	COc1ccc(cc1O)C(=O)c1ccccc1C(=O)O	COc1ccc(cc1O)C(=O)c1ccccc1C(=O)O		True	1583	0.7440000000000001	9.057	-2.0	0.00042139999999999994	-3.312	0.0	0.0	86.66	3.0	70.288	0.0	0.0	1.0	0.0	0.0	1.0	0.0	5.0	0.0	2.0	5.0	12.0	0.0	12.0	0.0	20.0	26.752	9.386000000000001	14.642000000000001	10.911	1.886	-2.713	-2.965	63.799	-1.2209999999999999	32.132	-3.307	-0.462	0.597	497.639	93.274	168.16299999999998	236.202	0.0	846.0939999999999	2.0	5.5	0.015630200000000004	0.8693536000000001	271.2448	1.8769999999999998	4	86.66	60.169	69.2714	33.46	2	2	0	20	-1
2-(4-Hydroxy-3-methoxybenzoyl)benzoic Acid (16)	Tasteless	Rojas et al. (2017)	COc1cc(ccc1O)C(=O)c1ccccc1C(=O)O	COc1cc(ccc1O)C(=O)c1ccccc1C(=O)O		False	45	0.736	9.044	-2.0	0.0005868	-3.312	0.0	0.0	86.66	3.0	71.138	0.0	0.0	1.0	0.0	0.0	1.0	0.0	5.0	0.0	2.0	5.0	12.0	0.0	12.0	0.0	20.0	26.303	9.378	14.52	10.869000000000002	1.867	-2.4619999999999997	-2.6660000000000004	72.15899999999999	-1.1079999999999999	36.705999999999996	-3.185	-0.47600000000000003	0.6990000000000001	481.691	77.898	162.524	241.269	0.0	833.66	2.0	5.5	0.0161477	0.8893158999999999	271.2448	1.8769999999999998	4	86.66	60.169	69.2714	33.46	2	2	0	20	-1
2-(3,4-Dimethoxybenzoyl)benzoic Acid (17)	Tasteless	Rojas et al. (2017)	COc1cc(ccc1OC)C(=O)c1ccccc1C(=O)O	COc1cc(ccc1OC)C(=O)c1ccccc1C(=O)O		False	779	0.715	8.981	-1.0	0.00014450000000000002	-3.5860000000000003	0.0	0.0	75.66	3.0	85.965	0.0	0.0	1.0	0.0	0.0	1.0	0.0	5.0	0.0	2.0	5.0	12.0	0.0	12.0	0.0	21.0	28.105999999999998	9.093	13.39	8.967	2.804	-3.353	-2.662	240.07	-0.653	134.588	-2.229	-0.375	0.35700000000000004	503.048	171.09599999999998	107.473	224.48	0.0	882.7189999999999	1.0	5.5	0.0109333	0.8846478000000001	285.2714	2.128	5	75.66	59.669	74.0405	35.295	2	2	0	21	-1
2-(2,4-Dimethoxybenzoyl)benzoic Acid (18)	Bitter	Rojas et al. (2017)	COc1cc(OC)ccc1C(=O)c1ccccc1C(=O)O	COc1cc(OC)ccc1C(=O)c1ccccc1C(=O)O		False	2236	0.573	9.184	-1.0	0.0060539999999999995	-3.5860000000000003	0.0	0.0	75.66	3.0	85.598	0.0	0.0	0.0	0.0	0.0	1.0	0.0	5.0	0.0	2.0	5.0	12.0	0.0	12.0	0.0	21.0	28.809	9.212	13.698	9.036	2.861	-3.593	-2.918	219.24200000000002	-0.723	122.012	-2.3040000000000003	-0.33799999999999997	2.334	518.873	182.31799999999998	111.62899999999999	224.925	0.0	900.19	1.0	5.5	0.010599899999999999	0.8689479999999999	285.2714	2.128	5	75.66	59.669	74.0405	35.295	2	2	0	21	-1
Compound 20	Tasteless	Rojas et al. (2017)	COc1ccc(cc1)Cc1ccccc1C(=O)O	COc1ccc(cc1)Cc1ccccc1C(=O)O		False	736	0.084	8.932	-1.0	0.0091027	-3.734	0.0	0.0	49.36	3.0	96.35600000000001	0.0	0.0	0.0	0.0	0.0	1.0	0.0	4.0	0.0	2.0	3.0	12.0	0.0	12.0	0.0	18.0	25.995	8.478	11.253	6.44	3.7089999999999996	-3.859	-2.613	462.139	-0.317	273.178	-1.641	-0.04	2.707	465.67400000000004	126.22399999999999	77.47800000000001	261.972	0.0	804.988	1.0	2.75	0.0059054	0.8986896000000001	241.2619	2.7148	4	49.36	47.335	66.73899999999999	32.736999999999995	2	2	0	18	-1
Compound 21	Tasteless	Rojas et al. (2017)	COc1ccc(cc1)Oc1ccccc1C(=O)O	COc1ccc(cc1)Oc1ccccc1C(=O)O		False	937	0.556	8.881	-1.0	0.0198814	-3.592	0.0	0.0	58.59	3.0	90.346	0.0	0.0	0.0	0.0	0.0	1.0	0.0	4.0	0.0	1.0	4.0	12.0	0.0	12.0	0.0	18.0	25.788	8.487	11.645	7.242999999999999	3.116	-3.555	-3.1689999999999996	333.404	-0.48700000000000004	191.945	-1.82	-0.16699999999999998	3.971	475.04699999999997	93.28299999999999	92.432	289.332	0.0	793.293	1.0	3.25	0.0068414	0.8724038000000001	243.2347	2.3004	4	58.59	49.335	63.2426	31.539	2	2	0	18	-1
Phthalic Acid Mono(4-methoxyphenyl) Ester (27)	Sweet	Rojas et al. (2017)	COc1ccc(cc1)OC(=O)c1ccccc1C(=O)O	COc1ccc(cc1)OC(=O)c1ccccc1C(=O)O		True	1221	0.7340000000000001	9.213	-1.0	0.0039708	-3.406	0.0	0.0	75.66	3.0	84.667	0.0	0.0	0.0	0.0	0.0	1.0	0.0	4.0	1.0	1.0	5.0	12.0	0.0	12.0	0.0	20.0	28.404	9.292	13.533	9.478	2.7439999999999998	-3.187	-3.3089999999999997	212.416	-0.682	117.912	-2.171	-0.363	1.844	503.586	92.82600000000001	113.07700000000001	297.683	0.0	856.654	1.0	5.25	0.0104252	0.8662200000000001	271.2448	2.1722	5	75.66	58.001999999999995	68.3069	33.46	2	2	0	20	-1
Spiro[(4-H-1,3-benzodithian)-2,1'-(4'-hydroxy-5'-methoxy-[1H]-2',3'-dihydroindene)] (8)	Tasteless	Rojas et al. (2017)	COc1ccc2c(c1O)CCC12SCc2c(S1)cccc2	COc1ccc2c(c1O)CCC12SCc2c(S1)cccc2		False	109	0.586	8.767000000000001	1.0	0.0167513	-5.441	0.0	0.0	80.06	3.0	100.0	0.0	0.0	0.0	0.0	0.0	0.0	0.0	2.0	0.0	5.0	2.0	18.0	0.0	18.0	4.0	21.0	31.816999999999997	9.33	13.329	6.1739999999999995	4.194	-4.901	-4.499	3479.1490000000003	0.16399999999999998	3880.616	-1.51	0.595	3.9539999999999997	527.721	224.357	47.92	198.985	56.458999999999996	933.41	1.0	2.5	0.004737399999999999	0.8752707000000001	316.4377	4.4891	1	80.06	42.918	90.3731	41.523	2	4	1	21	0
2-Methyl-2-(3-hydroxy-4-methoxyphenyl)-1,4-dihydrobenzodioxane (12)	Tasteless	Rojas et al. (2017)	COc1ccc(cc1O)C1(C)COc2c(O1)cccc2	COc1ccc(cc1O)C1(C)COc2c(O1)cccc2		False	303	-0.011000000000000001	8.895	0.0	0.0009033999999999998	-4.3580000000000005	0.0	0.0	47.92	3.0	100.0	0.0	0.0	1.0	0.0	0.0	0.0	0.0	2.0	0.0	2.0	4.0	16.0	0.0	16.0	2.0	20.0	30.101999999999997	8.799	12.585999999999999	7.077999999999999	3.4330000000000003	-4.282	-4.9830000000000005	2986.0640000000003	-0.048	1613.8970000000002	-1.421	0.342	0.89	512.64	196.975	54.919	260.746	0.0	875.815	1.0	3.0	0.0058521	0.8635635	272.2958	3.1492	2	47.92	45.585	74.0931	35.736	2	3	1	20	0
3',4'-dihydroxyphenyl-3,1-benzoxathiane (18)	Sweet	Rojas et al. (2017)	Oc1ccc(cc1O)C1OCc2c(S1)cccc2	Oc1ccc(cc1O)C1OCc2c(S1)cccc2		True	1080	0.28600000000000003	8.701	0.0	0.0156121	-3.795	0.0	0.0	74.99	3.0	95.156	0.0	0.0	0.0	0.0	0.0	0.0	0.0	2.0	0.0	6.0	3.0	16.0	0.0	16.0	2.0	18.0	27.627	9.113	14.185	9.691	2.391	-3.529	-5.062	1068.65	-0.385	787.029	-2.186	-0.013999999999999999	3.55	483.366	60.461000000000006	101.979	289.806	31.12	807.046	2.0	3.7	0.010825299999999998	0.8672709000000001	260.3083	3.2428	1	74.99	42.501000000000005	71.301	34.429	2	3	1	18	0
Compound 32	Sweet	Rojas et al. (2017)	COc1ccc(cc1O)CCC(=O)c1c(O)cc(cc1O)O	COc1ccc(cc1O)CCC(=O)c1c(O)cc(cc1O)O		True	1664	0.22699999999999998	8.662	-2.0	0.028672800000000002	-4.531000000000001	1.0	0.0	107.22	2.0	73.328	0.0	0.0	0.0	0.0	0.0	0.0	0.0	9.0	0.0	7.0	6.0	12.0	0.0	12.0	0.0	22.0	28.517	10.534	14.693	8.619	2.24	-3.698	-5.252999999999999	72.241	-2.165	28.896	-4.104	0.063	5.255	568.9119999999999	143.592	225.363	199.957	0.0	963.0160000000001	2.0	3.75	0.009321799999999998	0.8289764999999999	304.2946	2.6392	5	107.22	62.836000000000006	79.0233	37.233000000000004	2	2	0	22	0
Compound IV	Tasteless	Rojas et al. (2017)	COc1cc(ccc1OC)C1OC(=O)c2c(C1)cccc2OC	COc1cc(ccc1OC)C1OC(=O)c2c(C1)cccc2OC		False	1239	0.523	8.834	0.0	0.042327699999999996	-4.143	0.0	0.0	53.99	3.0	100.0	0.0	0.0	0.0	0.0	0.0	0.0	0.0	3.0	1.0	5.0	5.0	16.0	0.0	16.0	2.0	23.0	34.010999999999996	9.317	14.1	7.377000000000001	3.142	-3.9589999999999996	-5.145	2990.118	-0.14	1616.266	-1.527	-0.001	6.517	579.383	321.472	54.857	203.054	0.0	1003.303	0.0	5.25	0.0	0.8365414000000001	314.3325	3.3231	4	53.99	53.501999999999995	84.5671	39.492	2	3	1	23	0
Compound VIII	Tasteless	Rojas et al. (2017)	COc1cc(ccc1O)C1OC(=O)c2c(C1)cccc2	COc1cc(ccc1O)C1OC(=O)c2c(C1)cccc2		False	892	0.619	8.943	0.0	0.0450129	-3.758	0.0	0.0	55.76	3.0	93.094	0.0	0.0	0.0	0.0	0.0	0.0	0.0	2.0	1.0	4.0	4.0	16.0	0.0	16.0	2.0	20.0	29.935	9.163	14.222999999999999	8.99	2.392	-3.755	-5.102	819.053	-0.5920000000000001	398.704	-2.499	0.052000000000000005	6.26	514.3240000000001	135.44799999999998	114.161	264.716	0.0	870.687	1.0	4.5	0.0087493	0.8573724	270.28	3.0885	2	55.76	48.835	73.3348	35.185	2	3	1	20	0
Compound X	Tasteless	Rojas et al. (2017)	COc1ccc(cc1)C1OC(=O)c2c(C1)cccc2	COc1ccc(cc1)C1OC(=O)c2c(C1)cccc2		False	2080	0.581	9.272	0.0	0.0388752	-3.563	0.0	0.0	35.53	3.0	100.0	0.0	0.0	0.0	0.0	0.0	0.0	0.0	1.0	1.0	3.0	3.0	16.0	0.0	16.0	2.0	19.0	29.94	8.607999999999999	12.123	6.857	2.931	-3.56	-5.153	2719.321	-0.024	1458.648	-1.4480000000000002	0.027000000000000003	5.734	499.712	137.683	59.205	302.824	0.0	845.674	0.0	3.75	0.0	0.8654609000000001	254.2806	3.3559	2	35.53	43.168	71.6407	34.548	2	3	1	19	0
Compound XII	Tasteless	Rojas et al. (2017)	COc1ccc(cc1O)Cc1ccccc1	COc1ccc(cc1O)Cc1ccccc1		False	99	-0.188	8.722000000000001	0.0	0.004531	-3.612	0.0	0.0	29.46	3.0	100.0	0.0	0.0	1.0	0.0	0.0	0.0	0.0	4.0	0.0	3.0	2.0	12.0	0.0	12.0	0.0	16.0	24.881999999999998	7.94	9.964	5.187	3.3680000000000003	-3.638	-4.966	2983.281	-0.161	1612.271	-1.16	0.244	1.871	467.85	132.274	54.961999999999996	280.61400000000003	0.0	772.7360000000001	1.0	1.5	0.0032061999999999998	0.8704535	214.2598	3.5208	3	29.46	35.668	63.9525	31.566	2	2	0	16	0
Compound XVI	Tasteless	Rojas et al. (2017)	COc1ccc(cc1O)C=Cc1ccccc1	COc1ccc(cc1O)C=Cc1ccccc1		False	2275	0.594	8.43	0.0	0.0034741	-3.858	0.0	0.0	29.46	3.0	100.0	0.0	0.0	1.0	0.0	0.0	0.0	0.0	5.0	0.0	2.0	2.0	12.0	0.0	12.0	0.0	17.0	26.498	8.648	10.519	5.395	3.61	-3.926	-5.5329999999999995	2989.573	-0.243	1615.9470000000001	-0.8759999999999999	0.321	1.6840000000000002	496.45099999999996	108.09100000000001	54.86600000000001	333.495	0.0	816.5239999999999	1.0	1.5	0.0030214	0.8510091999999999	226.2705	3.5324	3	29.46	38.168	69.6701	33.209	2	2	0	17	0
Compound XX	Bitter	Rojas et al. (2017)	CCOC(=O)C(c1ccccc1)Cc1ccc(c(c1)O)OC	CCOC(=O)C(c1ccccc1)Cc1ccc(c(c1)O)OC		False	1716	-0.125	8.755	-1.0	0.0052104	-4.627	0.0	0.0	55.76	3.0	100.0	0.0	0.0	0.0	0.0	0.0	0.0	0.0	7.0	1.0	5.0	4.0	12.0	0.0	12.0	0.0	22.0	33.543	10.489	14.005	6.845	4.098	-4.875	-5.622999999999999	1326.2079999999999	-0.773	671.2410000000001	-1.681	0.485	2.334	608.008	270.64799999999997	92.09	245.27	0.0	1045.722	1.0	3.5	0.0057564999999999995	0.8194706	300.349	3.7361	7	55.76	52.668	84.3105	39.629	2	2	1	22	0
Compound XXIV	Sweet	Rojas et al. (2017)	COc1ccc(cc1O)NCc1ccccc1	COc1ccc(cc1O)NCc1ccccc1		True	433	0.027999999999999997	7.774	0.0	0.022114099999999998	-3.468	0.0	0.0	41.49	3.0	100.0	0.0	0.0	1.0	0.0	0.0	0.0	0.0	5.0	0.0	6.0	3.0	12.0	0.0	12.0	0.0	17.0	26.426	8.809	12.749	7.776	3.105	-3.4760000000000004	-5.492999999999999	2376.075	-0.345	1260.6960000000001	-1.147	0.054000000000000006	4.258	500.17400000000004	123.24	65.384	311.55	0.0	819.959	2.0	2.5	0.0070686	0.847042	229.2744	2.9384	4	41.49	38.168	69.0217	32.917	2	2	0	17	0
Compound XXX	Sweet	Rojas et al. (2017)	COc1ccc(cc1O)COC(=O)c1ccccc1O	COc1ccc(cc1O)COC(=O)c1ccccc1O		True	2671	0.38299999999999995	8.873	-2.0	0.0133773	-4.194	0.0	0.0	75.99	3.0	90.73700000000001	0.0	0.0	0.0	0.0	0.0	0.0	0.0	6.0	1.0	4.0	5.0	12.0	0.0	12.0	0.0	20.0	29.02	9.728	12.752	7.228	2.92	-4.11	-5.595	406.275	-1.216	186.86599999999999	-2.679	0.209	3.489	547.738	128.974	146.27	272.494	0.0	910.1489999999999	1.0	3.25	0.0059335	0.8292149999999999	274.2687	2.7177	5	75.99	53.501999999999995	72.0495	34.760999999999996	2	2	0	20	0
Compound XXXV	Tasteless	Rojas et al. (2017)	COc1ccc(cc1O)CNCC(C)(C)C	COc1ccc(cc1O)CNCC(C)(C)C		False	1124	-0.193	8.719	1.0	0.0028455999999999998	-1.7890000000000001	0.0	0.0	46.07	3.0	90.671	0.0	0.0	0.0	1.0	0.0	0.0	0.0	6.0	0.0	4.0	3.0	6.0	0.0	6.0	0.0	16.0	25.863000000000003	7.817	12.151	6.652	2.154	-2.35	-5.281000000000001	717.2869999999999	0.071	382.165	-3.6719999999999997	0.071	1.574	521.9540000000001	357.913	56.638999999999996	107.402	0.0	870.6560000000001	2.0	3.0	0.0081284	0.8448187	224.3193	1.3187	5	46.07	34.751	63.9056	29.555	1	1	0	16	1
Compound XXXIX	Tasteless	Rojas et al. (2017)	COc1ccc(cc1O)CCc1ccc2c(c1)cccc2	COc1ccc(cc1O)CCc1ccc2c(c1)cccc2		False	1851	0.648	8.615	0.0	0.0030275	-5.1739999999999995	0.0	0.0	29.46	3.0	100.0	0.0	0.0	1.0	0.0	0.0	0.0	0.0	5.0	0.0	4.0	2.0	16.0	0.0	16.0	0.0	21.0	33.241	10.417	12.887	5.8020000000000005	4.805	-5.362	-6.04	2983.4190000000003	-0.271	1612.352	-0.764	0.77	1.72	574.406	153.775	54.96	365.671	0.0	977.3439999999999	1.0	1.5	0.0026114000000000003	0.8291721	278.345	4.8854	4	29.46	44.501999999999995	85.0037	41.75899999999999	3	3	0	21	0
Compound XLVII	Sweet	Rojas et al. (2017)	COc1ccc(cc1O)CCc1cccc(c1)C	COc1ccc(cc1O)CCc1cccc(c1)C		True	539	-0.185	8.726	0.0	0.0036791	-4.188	0.0	0.0	29.46	3.0	100.0	0.0	0.0	1.0	0.0	0.0	0.0	0.0	5.0	0.0	5.0	2.0	12.0	0.0	12.0	0.0	18.0	28.889	8.771	11.184000000000001	4.857	4.012	-4.5489999999999995	-5.287999999999999	2983.389	-0.259	1612.3339999999998	-1.207	0.5489999999999999	1.818	537.005	242.076	54.96	239.96900000000002	0.0	898.6010000000001	1.0	1.5	0.0027933000000000003	0.8386186	242.3129	4.4632	4	29.46	38.835	73.5947	35.236	2	2	0	18	0
Compound LI	Tasteless	Rojas et al. (2017)	COC(=O)c1cccc(c1)CCc1ccc(c(c1)O)OC	COC(=O)c1cccc(c1)CCc1ccc(c(c1)O)OC		False	2669	0.47	8.758	-1.0	0.0098633	-4.343	0.0	0.0	55.76	3.0	100.0	0.0	0.0	0.0	0.0	0.0	0.0	0.0	6.0	1.0	4.0	4.0	12.0	0.0	12.0	0.0	21.0	32.314	10.081	13.713	7.063	3.602	-4.854	-5.632000000000001	902.3810000000001	-0.899	442.723	-2.148	0.40700000000000003	3.1439999999999997	594.159	252.227	109.72399999999999	232.208	0.0	1002.084	1.0	3.5	0.0058907	0.8150772	286.3224	3.8324	6	55.76	51.001999999999995	80.081	37.794000000000004	2	2	0	21	0
Compound LVI	Tasteless	Rojas et al. (2017)	OCc1ccc(cc1)CCc1ccc(c(c1)O)OC	OCc1ccc(cc1)CCc1ccc(c(c1)O)OC		False	668	-0.177	8.806000000000001	-1.0	0.0090645	-3.8110000000000004	0.0	0.0	49.69	3.0	100.0	0.0	0.0	0.0	0.0	0.0	0.0	0.0	7.0	0.0	5.0	3.0	12.0	0.0	12.0	0.0	19.0	28.399	9.537	13.64	7.896	3.338	-3.7710000000000004	-5.281000000000001	972.14	-0.868	479.829	-1.9769999999999999	0.124	2.887	545.821	203.81799999999998	106.314	235.69	0.0	919.4680000000001	2.0	3.2	0.008291100000000001	0.8377974	258.3123	3.3725	5	49.69	44.335	75.3694	35.873000000000005	2	2	0	19	0
Compound LIX	Sweet	Rojas et al. (2017)	COc1ccc(cc1O)CCc1ccc(cc1)F	COc1ccc(cc1O)CCc1ccc(cc1)F		True	641	0.069	8.802999999999999	0.0	0.0016959	-4.27	0.0	0.0	29.46	3.0	100.0	46.809	0.0	1.0	0.0	0.0	0.0	0.0	5.0	0.0	4.0	2.0	12.0	0.0	12.0	0.0	18.0	27.287	8.183	10.878	4.94	4.386	-4.438	-5.227	2983.474	-0.133	2909.953	-1.143	0.426	1.204	513.604	153.748	54.958999999999996	258.08799999999997	46.809	854.238	1.0	1.5	0.0029205	0.8477263	246.2768	4.1825	4	29.46	44.835	68.7699	33.31	2	2	0	18	0
Compound LXII	Tasteless	Rojas et al. (2017)	COc1ccc(cc1O)CCc1ccc(c(c1)O)OC	COc1ccc(cc1O)CCc1ccc(c(c1)O)OC		False	1722	-0.136	8.71	-1.0	0.0033806999999999995	-4.194	0.0	0.0	58.92	3.0	100.0	0.0	0.0	0.0	0.0	0.0	0.0	0.0	7.0	0.0	6.0	4.0	12.0	0.0	12.0	0.0	20.0	28.854	9.484	13.554	7.489	3.46	-3.986	-5.156000000000001	973.893	-0.873	480.764	-2.095	0.20600000000000002	1.7819999999999998	555.035	247.135	106.23100000000001	201.669	0.0	938.947	2.0	3.0	0.0076438999999999995	0.8354851999999999	274.3117	3.6932	5	58.92	48.001999999999995	76.7108	36.51	2	2	0	20	0
Compound LXV	Sweet	Rojas et al. (2017)	COc1ccc(cc1O)CCc1ccc2c(c1)OCO2	COc1ccc(cc1O)CCc1ccc2c(c1)OCO2		True	1907	-0.052000000000000005	8.754	0.0	0.0003658	-4.363	0.0	0.0	47.92	3.0	100.0	0.0	0.0	1.0	0.0	0.0	0.0	0.0	5.0	1.0	4.0	4.0	15.0	0.0	15.0	1.0	20.0	27.784000000000002	8.576	11.629000000000001	6.182	3.384	-3.658	-4.735	2983.454	-0.223	1612.3729999999998	-1.25	0.21100000000000002	0.565	508.60400000000004	225.938	54.958999999999996	227.707	0.0	873.914	1.0	3.0	0.0058985	0.8691561	272.2958	3.7451	4	47.92	45.001999999999995	74.3204	35.736	2	3	0	20	0
Compound LXVI	Sweet	Rojas et al. (2017)	CCOc1ccc(cc1O)CCc1ccccc1	CCOc1ccc(cc1O)CCc1ccccc1		True	1847	-0.185	8.71	0.0	0.0025772	-4.188	0.0	0.0	29.46	3.0	100.0	0.0	0.0	1.0	0.0	0.0	0.0	0.0	6.0	0.0	4.0	2.0	12.0	0.0	12.0	0.0	18.0	29.199	9.216000000000001	11.290999999999999	5.023	4.397	-4.683	-5.712000000000001	3169.788	-0.305	1721.489	-0.863	0.535	1.531	547.556	199.55700000000002	52.185	295.814	0.0	909.058	1.0	1.5	0.0027394000000000003	0.8288280000000001	242.3129	4.3258	5	29.46	38.668	73.3015	35.236	2	2	0	18	0
Compound LXXIV	Bitter	Rojas et al. (2017)	COCC(CCCCc1ccccc1)O	COCC(CCCCc1ccccc1)O		False	1165	-0.303	9.582	0.0	0.0063413	-2.474	0.0	0.0	29.46	3.0	100.0	0.0	0.0	0.0	0.0	0.0	0.0	0.0	8.0	0.0	3.0	2.0	6.0	0.0	6.0	0.0	15.0	24.62	7.85	10.485999999999999	5.642	3.1210000000000004	-3.2680000000000002	-5.184	4022.025	-0.316	2226.81	-0.8190000000000001	-0.065	2.322	521.555	283.525	41.28	196.75	0.0	850.383	1.0	3.4	0.006519	0.8322905999999999	208.2967	2.8131	7	29.46	32.0	62.1452	27.816999999999997	1	1	1	15	0
Compound LXXVIII	Sweet	Rojas et al. (2017)	COc1ccc(cc1O)C1OC(=O)c2c(O1)cccc2	COc1ccc(cc1O)C1OC(=O)c2c(O1)cccc2		True	1919	0.7659999999999999	9.004	0.0	0.034036000000000004	-3.5810000000000004	0.0	0.0	64.99	3.0	91.741	0.0	0.0	0.0	0.0	0.0	0.0	0.0	2.0	2.0	2.0	5.0	16.0	0.0	16.0	1.0	20.0	28.916	8.997	14.140999999999998	9.763	1.9780000000000002	-3.2119999999999997	-5.025	939.875	-0.513	462.639	-2.3209999999999997	-0.156	5.35	496.832	106.73299999999999	107.859	282.24	0.0	841.058	1.0	5.25	0.010567	0.8673069999999999	272.2528	2.987	2	64.99	50.835	69.5872	33.986999999999995	2	3	1	20	0
Compound LXXX	Sweet	Rojas et al. (2017)	COc1ccc(cc1O)C1NC(=O)c2c(C1)cccc2O	COc1ccc(cc1O)C1NC(=O)c2c(C1)cccc2O		True	2025	0.32899999999999996	8.985	-2.0	0.0312313	-4.266	0.0	0.0	78.79	3.0	84.691	0.0	0.0	0.0	0.0	0.0	0.0	0.0	3.0	0.0	5.0	5.0	16.0	0.0	16.0	2.0	21.0	30.589000000000002	9.857000000000001	15.425	9.727	2.388	-4.2219999999999995	-5.321000000000001	278.733	-1.176	124.355	-3.4019999999999997	0.18100000000000002	5.329	542.633	139.753	163.525	239.355	0.0	909.1210000000001	2.0	3.75	0.009773299999999999	0.8363855	285.2946	2.1738	2	78.79	53.501999999999995	76.9787	36.536	2	3	1	21	0
Compound XCVI	Sweet	Rojas et al. (2017)	CCOc1ccc(cc1O)CCC(=O)c1ccccc1O	CCOc1ccc(cc1O)CCC(=O)c1ccccc1O		True	650	0.409	8.852	-2.0	0.05036090000000001	-4.438	0.0	0.0	66.76	3.0	95.287	0.0	0.0	0.0	0.0	0.0	0.0	0.0	8.0	0.0	5.0	4.0	12.0	0.0	12.0	0.0	21.0	30.508000000000003	10.22	13.605	6.641	3.378	-4.4239999999999995	-5.624	516.7919999999999	-1.258	242.37	-2.366	0.325	7.042999999999999	583.4	198.755	135.251	249.394	0.0	984.937	1.0	3.25	0.0055708	0.8206121999999999	286.3224	3.5228	6	66.76	53.001999999999995	80.3831	37.794000000000004	2	2	0	21	0
Phenylthiourea	Bitter	Rojas et al. (2017)	NC(=S)Nc1ccccc1	NC(=S)Nc1ccccc1		False	228	0.536	8.492	-1.0	0.1111326	-1.585	0.0	0.0	70.14	3.0	88.78	0.0	0.0	0.0	0.0	0.0	0.0	0.0	1.0	0.0	2.0	2.0	6.0	0.0	6.0	0.0	10.0	16.764	6.397	12.555	9.171	0.82	-1.785	-3.9210000000000003	1537.0970000000002	-0.019	1816.4560000000001	-2.289	-0.544	7.752999999999999	352.215	0.0	85.33200000000001	200.605	66.278	540.842	3.0	2.5	0.012294	0.9114591000000001	152.2168	2.0805	2	70.14	23.500999999999998	47.7107	21.480999999999998	1	1	0	10	0
4-O-Methyl sucrose	Sweet	Rojas et al. (2017)	COC1C(CO)OC(C(C1O)O)OC1(CO)OC(C(C1O)O)CO	COC1C(CO)OC(C(C1O)O)OC1(CO)OC(C(C1O)O)CO		True	1014	-1.776	10.24	-2.0	0.0027595	-0.5429999999999999	1.0	2.0	178.53	2.0	16.512	0.0	0.0	3.0	0.0	0.0	0.0	0.0	13.0	2.0	7.0	11.0	11.0	0.0	11.0	9.0	24.0	24.908	10.777999999999999	27.188000000000002	26.548000000000002	-2.7319999999999998	-0.892	-3.286	57.387	-2.198	22.531	-4.619	-1.271	1.6480000000000001	536.863	300.95799999999997	235.905	0.0	0.0	984.7289999999999	7.0	16.8	0.0827932	0.8916187	356.3231	-3.9019999999999997	6	178.53	74.414	73.5253	30.088	0	2	9	24	0
4,6'-di-O-Methyl sucrose	Sweet	Rojas et al. (2017)	COCC1OC(C(C1O)O)(CO)OC1OC(CO)C(C(C1O)O)OC	COCC1OC(C(C1O)O)(CO)OC1OC(CO)C(C(C1O)O)OC		True	842	-1.868	10.226	-2.0	0.0052066000000000005	-0.7120000000000001	1.0	2.0	167.53	2.0	27.499000000000002	0.0	0.0	1.0	0.0	0.0	0.0	0.0	13.0	2.0	7.0	11.0	11.0	0.0	11.0	9.0	25.0	27.647	10.834000000000001	26.502	24.904	-1.99	-0.9309999999999999	-3.571	134.859	-1.9369999999999998	56.735	-3.898	-1.3630000000000002	2.342	572.78	376.004	196.775	0.0	0.0	1053.187	6.0	16.8	0.07184510000000001	0.8740056999999999	370.3496	-3.4935	7	167.53	73.914	78.2765	31.923000000000002	0	2	9	25	0
6-Chloro-6-deoxy-D-galactose	Tasteless	Rojas et al. (2017)	COC1OC(CCl)C(C(C1O)O)O	COC1OC(CCl)C(C(C1O)O)O		False	555	-1.054	10.450999999999999	-1.0	0.0081814	-0.763	0.0	0.0	79.15	2.0	74.892	0.0	0.0	1.0	0.0	0.0	0.0	0.0	4.0	1.0	3.0	5.0	6.0	0.0	6.0	5.0	13.0	17.079	6.365	14.252	13.405999999999999	-0.485	-1.3969999999999998	-2.915	687.699	-0.494	739.3710000000001	-3.387	-0.89	2.2969999999999997	394.642	208.53599999999997	122.166	0.0	63.94	644.71	3.0	8.5	0.03730580000000001	0.9145441999999999	212.6281	-0.9003	2	79.15	39.275999999999996	43.7256	18.0	0	1	5	13	0
1,6-dichloro-1,6-deoxy-D-fructofuranose	Sweet	Rojas et al. (2017)	ClCC1OC(C(C1O)O)(O)CCl	ClCC1OC(C(C1O)O)(O)CCl		True	1602	-0.765	10.321	-1.0	0.0496343	-1.791	0.0	0.0	69.92	3.0	84.198	0.0	0.0	0.0	0.0	0.0	0.0	0.0	3.0	1.0	2.0	4.0	5.0	0.0	5.0	4.0	12.0	16.625	6.481	13.05	10.006	0.774	-2.06	-2.9810000000000003	882.557	-0.17	2459.549	-3.272	-0.627	5.535	385.115	136.52200000000002	110.741	0.0	137.852	617.322	3.0	4.9	0.0220377	0.9104363000000001	217.0472	-0.1544	2	69.92	37.971	42.4628	17.498	0	1	4	12	0
6'-Chloro-sucrose	Sweet	Rojas et al. (2017)	ClCC1OC(C(C1O)O)(CO)OC1OC(CO)C(C(C1O)O)O	ClCC1OC(C(C1O)O)(CO)OC1OC(CO)C(C(C1O)O)O		True	1869	-0.836	10.584000000000001	-2.0	0.0078493	-1.082	1.0	1.0	169.3	2.0	26.076	0.0	0.0	3.0	0.0	0.0	0.0	0.0	11.0	2.0	7.0	10.0	11.0	0.0	11.0	9.0	23.0	25.638	11.304	27.124000000000002	25.61	-2.201	-1.631	-3.551	24.863000000000003	-2.326	20.805	-5.517	-1.165	2.761	541.776	202.207	274.211	0.0	65.358	970.8910000000001	7.0	15.1	0.0737406	0.8752376000000001	360.7421	-3.1059	5	169.3	73.025	71.8251	29.586	0	2	9	23	0
Alanine	Sweet	Rojas et al. (2017)	CC(C(=O)O)N	CC(C(=O)O)N		True	1707	-1.068	9.937999999999999	-1.0	0.034107	0.662	1.0	0.0	67.77	2.0	33.144	0.0	0.0	8.0	1.0	0.0	1.0	0.0	2.0	0.0	3.0	3.0	0.0	0.0	0.0	0.0	6.0	7.443	3.5380000000000003	8.248	8.323	-2.9589999999999996	0.266	-1.249	20.629	-0.311	10.491	-6.27	-1.0490000000000002	3.5610000000000004	263.051	106.78	156.27100000000002	0.0	0.0	371.853	3.0	3.0	0.0197534	0.9506915000000001	89.0932	-2.3899	1	67.77	24.0	16.3968	7.99	0	0	1	6	0
Asparagine	Sweet	Rojas et al. (2017)	NC(=O)CC(C(=O)O)N	NC(=O)CC(C(=O)O)N		True	316	-0.9159999999999999	9.825	-2.0	0.0744081	1.05	1.0	0.0	110.86	1.0	4.46	0.0	39.454	5.0	1.0	0.0	1.0	1.0	4.0	0.0	5.0	5.0	0.0	0.0	0.0	0.0	9.0	9.761000000000001	5.303	12.26	14.52	-4.061	1.489	-0.135	1.181	-1.219	1.042	-7.882000000000001	-1.374	5.862	309.192	55.055	254.136	0.0	0.0	461.86	4.0	4.5	0.0291082	0.9345678	132.1179	-3.668	3	110.86	36.167	24.3771	11.262	0	0	1	9	0
N-(L-aspartyl)-1,1-diaminoalkane 3	Sweet	Rojas et al. (2017)	CC(NC(=O)C1CCCC1)NC(=O)C(CC(=O)O)N	CC(NC(=O)C1CCCC1)NC(=O)C(CC(=O)O)N		True	2790	-0.74	9.766	-1.0	0.013466200000000001	-0.389	1.0	0.0	125.97	2.0	32.867	0.0	39.519	0.0	1.0	0.0	1.0	2.0	7.0	0.0	5.0	7.0	5.0	0.0	5.0	5.0	19.0	25.388	8.335	13.685	11.36	-1.5819999999999999	-0.893	0.341	7.055	-0.946	7.197	-6.084	-0.9790000000000001	3.4819999999999998	513.023	340.783	172.24	0.0	0.0	900.47	2.0	5.0	0.013783100000000001	0.8790379	271.3128	-2.4078	6	125.97	56.5	62.7983	26.605	0	1	2	19	0
N-(L-aspartyl)-1,1-diaminoalkane 4	Sweet	Rojas et al. (2017)	CC(NC(=O)C1C(C)(C)CCC1(C)C)NC(=O)C(CC(=O)O)N	CC(NC(=O)C1C(C)(C)CCC1(C)C)NC(=O)C(CC(=O)O)N		True	324	-0.7020000000000001	9.782	-2.0	0.00035099999999999997	-1.4709999999999999	1.0	0.0	125.97	2.0	39.830999999999996	0.0	30.324	1.0	1.0	0.0	1.0	2.0	7.0	0.0	5.0	7.0	5.0	0.0	5.0	5.0	23.0	33.814	10.276	16.453	10.98	-0.368	-2.878	-0.203	6.925	-1.146	5.879	-6.242000000000001	-0.466	0.624	613.619	432.81300000000005	180.80700000000002	0.0	0.0	1111.005	2.0	5.0	0.0115235	0.8454280000000001	327.4192	-1.4918	6	125.97	64.0	80.8457	33.945	0	1	2	23	0
N-(L-aspartyl)-1,1-diaminoalkane 9	Sweet	Rojas et al. (2017)	CC(NC(=O)C12CC3CC(C2)CC(C1)C3)NC(=O)C(CC(=O)O)N	CC(NC(=O)C12CC3CC(C2)CC(C1)C3)NC(=O)C(CC(=O)O)N		True	531	-0.6890000000000001	9.662	-1.0	0.0457851	-1.643	1.0	0.0	125.97	2.0	41.863	0.0	37.751999999999995	0.0	1.0	0.0	1.0	2.0	7.0	0.0	4.0	7.0	10.0	0.0	10.0	10.0	24.0	31.6	9.68	16.272000000000002	11.267000000000001	-0.527	-1.919	0.313	10.14	-0.821	10.287	-5.805	-0.59	6.952000000000001	571.501	414.395	157.106	0.0	0.0	1055.68	2.0	5.0	0.0123728	0.8773431	337.414	-1.5225	6	125.97	63.416000000000004	81.9417	34.232	0	3	5	24	0
Cyanoarylurea aspartame	Sweet	Rojas et al. (2017)	COC(=O)C(Cc1ccccc1)CC(=O)CNC(=O)Nc1ccc(cc1)C#N	COC(=O)C(Cc1ccccc1)CC(=O)CNC(=O)Nc1ccc(cc1)C#N		True	1846	0.722	9.315	-2.0	0.0606736	-5.309	1.0	0.0	108.29	3.0	77.47	0.0	18.784000000000002	0.0	0.0	0.0	0.0	1.0	9.0	2.0	4.0	7.0	12.0	0.0	12.0	0.0	28.0	42.305	14.31	20.491999999999997	13.103	2.767	-5.94	-5.3870000000000005	82.74700000000001	-2.2119999999999997	48.549	-3.18	0.02	8.786	728.7919999999999	178.035	203.377	347.38	0.0	1272.367	1.25	6.75	0.0103551	0.7791776	379.4091	2.9559	9	108.29	73.835	104.8007	46.751000000000005	2	2	1	28	0
Chloro-nitroaniline	Sweet	Rojas et al. (2017)	O=N(=O)c1ccc(c(c1)N)Cl	O=N(=O)c1ccc(c(c1)N)Cl		True	780	1.228	8.889	-1.0	0.079526	-2.209	0.0	0.0	69.16	3.0	80.229	0.0	0.0	0.0	0.0	0.0	0.0	0.0	2.0	0.0	3.0	4.0	6.0	0.0	6.0	0.0	11.0	14.587	5.869	9.097000000000001	6.141	1.262	-1.79	-3.363	366.598	-0.5760000000000001	387.656	-3.681	-0.45299999999999996	6.439	339.469	0.0	150.976	121.834	66.65899999999999	521.288	1.5	2.0	0.007215699999999999	0.9227489999999999	172.5691	1.6422	1	69.16	35.111999999999995	42.8879	18.565	1	1	0	11	0
Saccharine derivative 3	Bitter	Rojas et al. (2017)	O=C1NS(=O)(=O)c2c1cc(cc2)N(=O)=O	O=C1NS(=O)(=O)c2c1cc(cc2)N(=O)=O		False	792	2.374	11.255999999999998	-2.0	0.009320700000000001	-2.05	0.0	0.0	121.08	2.0	47.623000000000005	0.0	0.0	2.0	0.0	0.0	0.0	0.0	2.0	0.0	2.0	7.0	9.0	0.0	9.0	1.0	15.0	18.346	6.921	11.095999999999998	10.215	-0.929	-1.252	-3.678	28.785	-1.743	10.892000000000001	-5.8389999999999995	-0.7979999999999999	2.396	387.92900000000003	0.0	267.503	118.93	1.496	615.914	1.0	6.0	0.0154667	0.9024559000000001	227.1741	0.2329	1	121.08	55.585	47.1783	20.964000000000002	1	2	0	15	-1
Saccharine derivative 8	Tasteless	Rojas et al. (2017)	CCN1C(=O)c2c(S1(=O)=O)cccc2	CCN1C(=O)c2c(S1(=O)=O)cccc2		False	857	1.1840000000000002	10.568	0.0	0.0226566	-1.714	0.0	0.0	62.83	3.0	78.60300000000001	0.0	0.0	2.0	0.0	0.0	0.0	0.0	1.0	0.0	0.0	4.0	9.0	0.0	9.0	1.0	14.0	21.385	6.499	9.736	7.377000000000001	0.16699999999999998	-1.041	-3.93	678.676	-0.505	326.105	-3.0989999999999998	-0.833	3.88	408.69	118.94200000000001	122.771	166.80200000000002	0.175	664.36	0.0	5.0	0.0	0.9009633	211.2377	0.9142	1	62.83	40.418	51.5412	23.704	1	2	0	14	0
Saccharine derivative 13	Sweet	Rojas et al. (2017)	Fc1ccc2c(c1)S(=O)(=O)NC2=O	Fc1ccc2c(c1)S(=O)(=O)NC2=O		True	2714	1.483	10.745	-1.0	0.0091373	-1.9040000000000001	0.0	0.0	59.59	3.0	67.946	46.827	0.0	2.0	0.0	0.0	0.0	0.0	0.0	0.0	0.0	4.0	9.0	0.0	9.0	1.0	13.0	17.294	5.5489999999999995	10.088	9.075	-0.036000000000000004	-1.4240000000000002	-3.4930000000000003	200.727	-0.733	161.191	-4.356	-0.684	2.252	356.29400000000004	0.0	178.56099999999998	129.031	48.702	555.125	1.0	5.0	0.0140333	0.9168184000000001	200.167	1.1799	0	59.59	42.585	38.8129	19.555999999999997	1	2	0	13	-1
Saccharine derivative 16	Sweet	Rojas et al. (2017)	Oc1ccc2c(c1)S(=O)(=O)NC2=O	Oc1ccc2c(c1)S(=O)(=O)NC2=O		True	341	1.1640000000000001	10.119	-2.0	0.0117404	-1.7	0.0	0.0	79.82	2.0	53.638999999999996	0.0	0.0	0.0	0.0	0.0	0.0	0.0	1.0	0.0	1.0	5.0	9.0	0.0	9.0	1.0	13.0	16.881	6.492999999999999	11.833	11.392000000000001	-0.897	-1.325	-3.495	60.931999999999995	-1.347	24.616	-5.281000000000001	-0.72	2.568	359.72	0.0	233.16	124.679	1.881	561.89	2.0	5.75	0.022605700000000003	0.9154504000000001	198.176	0.7070000000000001	0	79.82	40.585	40.2906	20.284000000000002	1	2	0	13	-1
Saccharine derivative 21	Tasteless	Rojas et al. (2017)	Nc1ccc2c(c1)C(=O)NS2(=O)=O	Nc1ccc2c(c1)C(=O)NS2(=O)=O		False	2029	0.907	9.013	-2.0	0.07632760000000001	-1.633	0.0	0.0	85.61	2.0	51.644	0.0	0.0	0.0	0.0	0.0	0.0	0.0	1.0	0.0	1.0	5.0	9.0	0.0	9.0	1.0	13.0	16.939	6.683	13.632	12.367	-1.036	-1.3659999999999999	-3.39	52.357	-1.3840000000000001	20.892	-5.435	-0.706	6.567	359.37199999999996	0.0	240.106	117.391	1.875	565.072	2.5	6.0	0.026398400000000002	0.9197936999999999	197.1912	0.2278	0	85.61	38.585	43.2969	20.998	1	2	0	13	-1
Saccharine derivative 23	Sweet	Rojas et al. (2017)	O=C1NS(=O)(=O)c2c1c(Cl)ccc2	O=C1NS(=O)(=O)c2c1c(Cl)ccc2		True	496	1.345	10.036	-1.0	0.0198296	-2.208	0.0	0.0	59.59	3.0	69.564	0.0	0.0	1.0	0.0	0.0	0.0	0.0	0.0	0.0	0.0	4.0	9.0	0.0	9.0	1.0	13.0	18.176	6.486000000000001	10.584000000000001	9.062999999999999	0.02	-1.492	-3.49	236.889	-0.635	231.90900000000002	-4.21	-0.636	3.3819999999999997	365.19	0.0	170.975	130.869	63.346000000000004	576.7280000000001	1.0	5.0	0.013691499999999999	0.9175426	216.6216	1.6388	0	59.59	38.696	43.4013	21.616999999999997	1	2	0	13	-1
Thiophenesaccharine	Sweet	Rojas et al. (2017)	O=C1NS(=O)(=O)c2c1csc2	O=C1NS(=O)(=O)c2c1csc2		True	1923	1.45	10.615	-1.0	0.014969	-1.629	0.0	0.0	87.83	2.0	65.847	0.0	0.0	1.0	0.0	0.0	0.0	0.0	0.0	0.0	1.0	4.0	8.0	0.0	8.0	1.0	11.0	15.162	5.607	9.439	8.812000000000001	-0.304	-1.3030000000000002	-3.213	187.46599999999998	-0.713	168.043	-4.535	-0.774	2.763	334.129	0.0	181.69099999999997	94.579	57.86	510.064	1.0	5.0	0.0149643	0.9239885	188.2043	0.2718	0	87.83	32.751	35.6838	18.081	1	2	0	11	-1
syn-hydroxymethyl Furfuraldehyde oxime	Tasteless	Rojas et al. (2017)	ON=Cc1ccc(o1)CO	ON=Cc1ccc(o1)CO		False	141	0.267	8.982999999999999	-1.0	0.0212873	-0.7809999999999999	0.0	0.0	65.96	2.0	71.285	0.0	0.0	1.0	0.0	0.0	0.0	0.0	5.0	0.0	2.0	4.0	5.0	0.0	5.0	0.0	10.0	12.337	5.105	9.556000000000001	9.472000000000001	-0.45899999999999996	-0.526	-3.721	424.225	-0.9279999999999999	195.80599999999998	-3.287	-0.956	3.3089999999999997	345.279	84.10799999999999	144.29	116.88	0.0	514.38	2.0	5.4	0.0221177	0.8991899999999999	141.1247	0.9701	2	65.96	29.334	32.8998	15.284	1	1	0	10	0
meta-Tolylurea	Bitter	Rojas et al. (2017)	NC(=O)Nc1cccc(c1)C	NC(=O)Nc1cccc(c1)C		False	441	-0.249	8.699	-1.0	0.06136900000000001	-1.001	0.0	0.0	55.12	2.0	73.907	0.0	33.82	0.0	0.0	0.0	0.0	1.0	1.0	0.0	3.0	3.0	6.0	0.0	6.0	0.0	11.0	17.436	6.065	11.625	11.18	0.426	-0.895	-2.5669999999999997	305.14	-0.585	267.999	-3.303	-0.778	5.9110000000000005	370.84	88.197	130.99200000000002	151.65	0.0	569.308	3.0	2.0	0.009341200000000001	0.8957982	150.1778	1.6676	1	55.12	28.500999999999998	44.761	20.156	1	1	0	11	0
Suosan derivative 1 (suosan)	Sweet	Rojas et al. (2017)	O=C(Nc1ccc(cc1)N(=O)=O)NCCC(=O)O	O=C(Nc1ccc(cc1)N(=O)=O)NCCC(=O)O		True	1340	1.212	9.635	-2.0	0.1084708	-2.45	1.0	0.0	124.4	2.0	42.63	0.0	21.403000000000002	0.0	0.0	0.0	1.0	1.0	5.0	0.0	2.0	8.0	6.0	0.0	6.0	0.0	18.0	24.162	8.872	14.673	11.128	0.6709999999999999	-2.396	-1.7169999999999999	4.539	-2.327	2.821	-5.513999999999999	-0.6970000000000001	9.329	499.601	79.605	271.238	148.75799999999998	0.0	802.255	2.0	4.0	0.0113228	0.8357638000000001	252.2035	0.5341	5	124.4	61.668	60.3253	25.345	1	1	0	18	-1
Suosan derivative 4	Tasteless	Rojas et al. (2017)	COC(=O)CCNC(=O)Nc1ccc(cc1)N(=O)=O	COC(=O)CCNC(=O)Nc1ccc(cc1)N(=O)=O		False	1885	1.219	9.645	-2.0	0.0755607	-2.773	0.0	0.0	110.57	3.0	64.82	0.0	20.750999999999998	0.0	0.0	0.0	0.0	1.0	5.0	1.0	2.0	8.0	6.0	0.0	6.0	0.0	19.0	27.555	9.107999999999999	13.65	9.421	1.261	-3.389	-3.9389999999999996	50.55	-2.016	29.631999999999998	-4.649	-0.281	8.187000000000001	551.069	177.935	224.297	148.83700000000002	0.0	887.0089999999999	1.0	4.0	0.0072586	0.8101735	267.238	1.4629	6	110.57	58.168	67.3722	27.93	1	1	0	19	0
Suosan derivative 6	Tasteless	Rojas et al. (2017)	O=C(Nc1ccc(cc1)N(=O)=O)NCCCC(=O)O	O=C(Nc1ccc(cc1)N(=O)=O)NCCCC(=O)O		False	1192	1.204	9.61	-2.0	0.0924421	-2.325	1.0	0.0	124.4	2.0	41.681000000000004	0.0	21.256999999999998	0.0	0.0	0.0	1.0	1.0	6.0	0.0	2.0	8.0	6.0	0.0	6.0	0.0	19.0	25.953000000000003	9.683	17.007	13.425999999999998	0.5	-2.432	-1.922	4.567	-2.465	2.832	-5.415	-0.8009999999999999	8.932	532.565	112.596	271.078	148.891	0.0	863.01	3.0	5.0	0.0162614	0.8231323	266.2301	0.8553	6	124.4	63.168	65.0799	27.18	1	1	0	19	-1
Suosan derivative 7	Tasteless	Rojas et al. (2017)	O=C(Nc1ccc(cc1)N(=O)=O)NCCC(=O)OS(=O)(=O)O	O=C(Nc1ccc(cc1)N(=O)=O)NCCC(=O)OS(=O)(=O)O		False	2108	1.2209999999999999	9.647	-2.0	0.1194597	-2.737	1.0	1.0	176.15	1.0	10.475	0.0	21.023000000000003	2.0	0.0	0.0	1.0	1.0	7.0	1.0	2.0	11.0	6.0	0.0	6.0	0.0	22.0	28.763	10.662	17.125	13.395	-0.26	-2.383	-2.2569999999999997	0.774	-3.5039999999999996	0.426	-6.821000000000001	-1.038	10.649000000000001	582.172	78.54	352.56800000000004	148.782	2.283	949.301	1.0	7.5	0.0128828	0.8023852	332.2667	0.1413	7	176.15	80.085	70.3171	29.82	1	1	0	22	-1
Suosan derivative 13	Sweet	Rojas et al. (2017)	OC(=O)CCNC(=O)Oc1ccc(cc1)N(=O)=O	OC(=O)CCNC(=O)Oc1ccc(cc1)N(=O)=O		True	1714	1.453	10.401	-2.0	0.0566539	-2.7880000000000003	1.0	0.0	121.6	2.0	50.174	0.0	0.0	0.0	0.0	0.0	1.0	0.0	5.0	0.0	2.0	8.0	6.0	0.0	6.0	0.0	18.0	23.503	8.471	12.802	8.916	1.053	-2.551	-2.767	8.985	-2.09	3.862	-5.277	-0.545	6.675	481.824	77.483	257.935	146.406	0.0	786.3430000000001	1.0	5.0	0.010377200000000001	0.8551019	253.1883	0.7090000000000001	6	121.6	62.668	56.5947	24.631	1	1	0	18	-1
Suosan derivative 14	Tasteless	Rojas et al. (2017)	O=C(NNc1ccc(cc1)N(=O)=O)CCC(=O)O	O=C(NNc1ccc(cc1)N(=O)=O)CCC(=O)O		False	2450	1.175	9.585	-2.0	0.12066980000000001	-2.2680000000000002	1.0	0.0	124.4	2.0	41.599	0.0	0.0	0.0	0.0	0.0	1.0	0.0	6.0	1.0	3.0	8.0	6.0	0.0	6.0	0.0	18.0	23.363000000000003	9.129	17.387	13.229000000000001	0.21100000000000002	-2.252	-2.878	5.619	-2.399	2.325	-5.601	-0.7759999999999999	9.828	492.658	73.46600000000001	279.435	139.757	0.0	800.4830000000001	3.0	6.5	0.022852200000000003	0.8462937	252.2035	-0.1556	6	124.4	61.668	60.1612	25.345	1	1	0	18	-1
Pyrrolidine	Bitter	Rojas et al. (2017)	C1CCCN1	C1CCCN1		False	861	-2.787	9.221	2.0	0.005266	0.809	0.0	0.0	16.61	3.0	84.625	0.0	0.0	12.0	1.0	0.0	0.0	0.0	0.0	0.0	0.0	1.0	5.0	0.0	5.0	4.0	5.0	8.637	2.2569999999999997	4.019	3.5180000000000002	0.45799999999999996	0.838	-2.977	1182.872	0.716	656.2460000000001	-4.204	-0.645	1.395	260.642	226.912	33.73	0.0	0.0	369.598	1.0	1.5	0.005755	0.9555939	72.1289	-0.9855	0	16.61	8.0	20.5336	9.078	0	1	0	5	1
Purine	Bitter	Rojas et al. (2017)	c1ccc2c(c1)[nH]cn2	c1ccc2c(c1)[nH]cn2		False	631	0.10400000000000001	8.816	1.0	0.0442522	-1.531	0.0	0.0	28.68	3.0	96.113	0.0	0.0	5.0	0.0	0.0	0.0	0.0	0.0	0.0	0.0	2.0	9.0	0.0	9.0	0.0	9.0	14.277000000000001	4.934	7.019	5.45	1.32	-1.768	-3.648	2708.196	0.11599999999999999	1452.1979999999999	-1.756	-0.44	4.474	302.879	0.0	59.393	243.487	0.0	452.418	1.0	1.5	0.0049524999999999994	0.9409981	118.1359	1.012	0	28.68	18.834	35.195	17.654	2	2	0	9	0
Pyridine	Bitter	Rojas et al. (2017)	c1cccnc1	c1cccnc1		False	399	0.053	10.113999999999999	1.0	0.013637100000000001	-0.41700000000000004	0.0	0.0	12.89	3.0	100.0	0.0	0.0	9.0	0.0	0.0	0.0	0.0	0.0	0.0	2.0	1.0	6.0	0.0	6.0	0.0	6.0	10.657	3.594	3.736	3.571	0.725	0.665	-3.301	5348.106	0.359	3030.038	-1.2309999999999999	-0.723	2.2319999999999998	257.865	0.0	28.229	229.635	0.0	365.27099999999996	0.0	1.5	0.0	0.958334	79.0999	0.6794	0	12.89	13.0	23.9011	12.445	1	1	0	6	0
Solanine	Bitter	Rojas et al. (2017)	OCC1OC(OC2CCC3(C(=CCC4C3CCC3(C4CC4C3C(C)C3N4CCC(C3)C)C)C2)C)C(C(C1O)OC1OC(CO)C(C(C1O)O)O)OC1OC(C)C(C(C1O)O)O	OCC1OC(OC2CCC3(C(=CCC4C3CCC3(C4CC4C3C(C)C3N4CCC(C3)C)C)C2)C)C(C(C1O)OC1OC(CO)C(C(C1O)O)O)OC1OC(C)C(C(C1O)O)O		False	2832	-1.2990000000000002	8.876	-2.0	0.0008857000000000001	-4.367	2.0	3.0	241.89	1.0	0.259	0.0	0.0	13.0	1.0	0.0	0.0	0.0	17.0	3.0	11.0	16.0	42.0	0.0	42.0	36.0	61.0	75.631	23.078000000000003	53.854	40.734	-0.63	-2.213	-5.749	7.712000000000001	-2.889	2.8480000000000003	-6.757000000000001	-1.07	1.431	1071.063	788.962	264.223	17.877	0.0	2312.1020000000003	9.0	27.5	0.0770263	0.7895049	869.0668	-0.7075	8	241.89	142.826	214.5296	87.484	0	9	27	61	1
Diterpene derivative 1	Bitter	Rojas et al. (2017)	O=CC1C(C)(C)CCC2C1(COC(=O)C)C1C(O)CC3CC1(C(=O)O2)C(=O)C3=C	O=CC1C(C)(C)CCC2C1(COC(=O)C)C1C(O)CC3CC1(C(=O)O2)C(=O)C3=C		False	901	0.633	10.745999999999999	-2.0	0.0085808	-3.324	0.0	0.0	106.97	3.0	74.774	0.0	0.0	1.0	0.0	0.0	0.0	0.0	5.0	1.0	3.0	7.0	16.0	0.0	16.0	12.0	29.0	37.239000000000004	10.754000000000001	19.679000000000002	13.389000000000001	0.977	-2.387	-3.194	225.187	-1.149	98.74799999999999	-4.145	-0.491	3.153	589.668	391.29	173.295	25.083000000000002	0.0	1158.516	1.0	10.7	0.0181458	0.9046738999999999	404.4535	0.9831	4	106.97	76.583	101.2177	40.111	0	4	7	29	0
Oxathiazinon dioxide derivative 2	Sweet	Rojas et al. (2017)	CCC1=CC(=O)NS(=O)(=O)O1	CCC1=CC(=O)NS(=O)(=O)O1		True	1922	1.469	10.74	-1.0	0.017784599999999998	-1.135	0.0	0.0	68.82	2.0	62.861000000000004	0.0	0.0	1.0	0.0	0.0	0.0	0.0	1.0	0.0	1.0	5.0	6.0	0.0	6.0	1.0	11.0	15.215	5.053999999999999	9.356	8.715	-0.693	-0.9159999999999999	-3.0810000000000004	171.197	-0.976	75.21	-4.7330000000000005	-0.828	3.105	351.843	131.293	185.84900000000002	32.799	1.902	542.1659999999999	1.0	5.5	0.015632	0.9139113000000001	176.1704	0.1747	1	68.82	34.251	35.0301	14.508	0	1	0	11	-1
Oxathiazinon dioxide derivative 4	Sweet	Rojas et al. (2017)	CCC1=C(C)OS(=O)(=O)NC1=O	CCC1=C(C)OS(=O)(=O)NC1=O		True	2676	1.381	10.398	-1.0	0.020715400000000002	-1.3769999999999998	0.0	0.0	68.82	2.0	66.58800000000001	0.0	0.0	0.0	0.0	0.0	0.0	0.0	1.0	0.0	2.0	5.0	6.0	0.0	6.0	1.0	12.0	16.877	5.25	9.872	8.509	-0.376	-1.354	-3.049	217.725	-0.905	98.229	-4.627	-0.73	3.497	374.829	192.122	174.838	5.399	2.47	590.242	1.0	5.5	0.014673400000000001	0.9078589	190.197	0.6603	1	68.82	35.918	39.464	16.343	0	1	0	12	-1
3-anilino-2-styryl-3H-naphthol[l, 2-d]imidazole-5-sulfonate (SSN)	Sweet	Rojas et al. (2017)	CC(=C(c1nc2c(n1Nc1ccccc1)cc(c1c2cccc1)S(=O)(=O)O)C)c1ccccc1	CC(=C(c1nc2c(n1Nc1ccccc1)cc(c1c2cccc1)S(=O)(=O)O)C)c1ccccc1		True	2227	1.003	8.687000000000001	-2.0	0.0125871	-7.0120000000000005	1.0	0.0	95.43	3.0	91.56299999999999	0.0	0.0	1.0	0.0	0.0	1.0	0.0	7.0	1.0	3.0	6.0	25.0	0.0	25.0	0.0	34.0	49.46	16.069000000000003	24.256999999999998	15.132	4.646	-5.754	-5.287000000000001	123.117	-1.276	67.363	-1.625	0.32	4.171	746.329	104.31200000000001	138.056	501.60699999999997	2.354	1382.271	2.0	8.0	0.0151591	0.804075	468.5469	5.9288	5	95.43	82.087	130.0583	64.084	5	5	0	34	-1
1',4'-2Cl-sucrose	Sweet	Rojas et al. (2017)	ClC1C(O)[C@@](OC1CO)(OC1OC(CO)C(O)C(O)C1O)CCl	OCC1O[C@@](C(C1Cl)O)(CCl)OC1OC(CO)C(C(C1O)O)O		True	1177	-0.868	10.217	-2.0	0.0241227	-1.874	0.0	1.0	149.07	2.0	37.681	0.0	0.0	0.0	0.0	0.0	0.0	0.0	10.0	3.0	6.0	9.0	11.0	0.0	11.0	9.0	23.0	27.685	11.456	25.764	22.543000000000003	-1.137	-2.141	-3.7539999999999996	49.623000000000005	-1.9409999999999998	77.74600000000001	-5.03	-1.05	4.926	562.822	209.609	242.563	0.0	110.65100000000001	1005.99	6.0	13.4	0.0583189	0.8626927	379.1878	-1.9013	5	149.07	71.13600000000001	74.8761	30.919	0	2	9	23	0
4,4',6'-3Cl-sucrose	Sweet	Rojas et al. (2017)	ClC1C(O)C(O)C(OC1CO)O[C@@]1(OC(CCl)C(Cl)C1O)CO	ClCC1O[C@@](C(C1Cl)O)(CO)OC1OC(CO)C(C(C1O)O)Cl		True	2237	-0.425	10.735	-1.0	0.0063408	-2.7510000000000003	0.0	0.0	128.84	3.0	75.718	0.0	0.0	1.0	0.0	0.0	0.0	0.0	9.0	4.0	5.0	8.0	11.0	0.0	11.0	9.0	23.0	26.502	10.754000000000001	22.69	18.839000000000002	0.264	-2.115	-2.782	435.26099999999997	-0.703	1543.045	-3.293	-0.805	2.468	510.171	205.593	143.114	0.0	161.464	960.39	5.0	11.7	0.0512808	0.9227434999999999	397.6335	-0.6967	5	128.84	69.247	77.9271	32.251999999999995	0	2	9	23	0
4,6,1',6'-4Cl-sucrose	Sweet	Rojas et al. (2017)	ClC1C(O)C(O)C(OC1CCl)O[C@@]1(OC(CCl)C(O)C1O)CCl	ClCC1O[C@@](C(C1O)O)(CCl)OC1OC(CCl)C(C(C1O)O)Cl		True	2198	-0.802	10.199	-1.0	0.0376434	-3.702	0.0	0.0	108.61	3.0	82.63799999999999	0.0	0.0	1.0	0.0	0.0	0.0	0.0	6.0	3.0	4.0	7.0	11.0	0.0	11.0	9.0	23.0	30.099	10.979000000000001	22.201	16.4	1.23	-3.228	-3.242	512.119	-0.436	3028.6020000000003	-3.444	-0.54	6.142	541.533	204.875	135.667	0.0	200.99099999999999	1002.14	4.0	10.0	0.03693219999999999	0.8943193000000002	416.0791	0.5079	5	108.61	67.358	80.9781	33.585	0	2	9	23	0
4-F-1',4',6'-3Cl-sucrose	Sweet	Rojas et al. (2017)	ClC1C(O)[C@@](OC1CCl)(OC1OC(CO)C(F)C(O)C1O)CCl	ClCC1O[C@@](C(C1Cl)O)(CCl)OC1OC(CO)C(C(C1O)O)F		True	1250	-0.515	10.103	-1.0	0.0030813000000000004	-3.4010000000000002	0.0	0.0	108.61	3.0	80.298	32.62	0.0	1.0	0.0	0.0	0.0	0.0	7.0	4.0	4.0	7.0	11.0	0.0	11.0	9.0	23.0	28.559	10.33	21.133000000000003	16.177	1.022	-2.779	-2.988	443.27	-0.556	2055.8379999999997	-3.47	-0.594	1.7369999999999999	524.231	199.303	142.279	0.0	182.648	979.707	4.0	10.0	0.03815109999999999	0.9099971	399.6245	0.2433	5	108.61	71.247	76.235	31.524	0	2	9	23	0
6-chloro-tryptophan	Sweet	Rojas et al. (2017)	Clc1c2c([nH]cc2CC(N)C(O)=O)ccc1	OC(=O)C(Cc1c[nH]c2c1c(Cl)ccc2)N		True	2458	0.135	8.253	-1.0	0.0282482	-2.0340000000000003	1.0	0.0	83.56	2.0	43.207	0.0	0.0	0.0	1.0	0.0	1.0	0.0	4.0	0.0	4.0	4.0	9.0	0.0	9.0	0.0	16.0	21.438000000000002	8.618	14.939	10.995999999999999	-0.97	-1.281	-2.7889999999999997	16.823	-0.51	15.034	-5.638999999999999	-0.575	4.486000000000001	425.445	40.391	165.611	173.44	46.001999999999995	712.2560000000001	4.0	3.0	0.0141029	0.9065943999999999	238.6702	-0.3919	3	83.56	44.778999999999996	56.1991	28.093000000000004	2	2	1	16	0
Liquiritin	Sweet	Rojas et al. (2017)	O1C(CO)C(O)C(O)C(O)C1Oc1ccc(cc1)C1Oc2c(ccc(O)c2)C(=O)C1	OCC1OC(Oc2ccc(cc2)C2CC(=O)c3c(O2)cc(cc3)O)C(C(C1O)O)O		True	1836	0.44299999999999995	9.285	-2.0	0.0121434	-3.551	1.0	0.0	145.91	2.0	50.826	0.0	0.0	0.0	0.0	0.0	0.0	0.0	8.0	1.0	7.0	9.0	22.0	0.0	22.0	7.0	30.0	39.524	14.244000000000002	27.87	22.958000000000002	-0.242	-3.28	-5.736000000000001	25.904	-2.678	9.537	-4.922	-0.713	3.8369999999999997	677.806	164.595	272.33299999999997	240.878	0.0	1212.252	5.0	12.75	0.042062	0.8111881999999999	418.394	0.6607	4	145.91	82.5	101.1665	46.771	2	4	6	30	0
Abrusoside D	Sweet	Rojas et al. (2017)	O1[C@H](OC2CC[C@@]34[C@@H](CC[C@H]5[C@@]3(CC[C@]3(C)[C@]5(CC[C@@H]3C(C)[C@@H]3OC(=O)C(=CC3)C)C)C4)[C@]2(C(O)=O)C)C(O[C@H]2OC(CO)C(O)C(O)C2O)C(O)C(O)C1C(O)=O	OCC1O[C@H](OC2[C@H](OC(C(C2O)O)C(=O)O)OC2CC[C@]34[C@H]([C@@]2(C)C(=O)O)CC[C@H]2[C@]4(C3)CC[C@@]3([C@@]2(C)CC[C@@H]3C([C@H]2CC=C(C(=O)O2)C)C)C)C(C(C1O)O)O		True	1998	0.235	9.997	-2.0	0.0319411	-6.287999999999999	2.0	3.0	264.86	1.0	0.0	0.0	0.0	12.0	0.0	0.0	2.0	0.0	15.0	3.0	9.0	16.0	36.0	3.0	33.0	30.0	58.0	70.506	22.075	47.699	34.486	1.216	-4.086	-1.376	0.213	-4.187	0.086	-6.704	-0.94	8.282	1010.2130000000001	607.745	366.369	36.1	0.0	2147.585	7.0	23.0	0.060237099999999995	0.7968666	820.9162	0.4825	9	264.86	155.246	193.7053	78.499	0	8	21	58	-2
Acesulfame potassium_CH3CH2CH2_CH3	Sweet	Rojas et al. (2017)	S1(OC(C)=C(CCC)C(=O)N1)(=O)=O	CCCC1=C(C)OS(=O)(=O)NC1=O		True	2843	1.385	10.387	-2.0	0.018848300000000002	-1.6269999999999998	0.0	0.0	68.82	3.0	68.584	0.0	0.0	0.0	0.0	0.0	0.0	0.0	2.0	0.0	2.0	5.0	6.0	0.0	6.0	1.0	13.0	18.637999999999998	5.75	10.4	8.365	-0.036000000000000004	-1.68	-3.298	217.797	-1.015	98.152	-4.531000000000001	-0.649	3.5010000000000003	406.76599999999996	224.24900000000002	174.82299999999998	5.314	2.38	650.308	1.0	5.5	0.0135213	0.8924148000000001	204.2236	1.1165	2	68.82	37.418	44.065	18.178	0	1	0	13	-1
Asp 3	Sweet	Rojas et al. (2017)	OC(=O)CC(N)C(=O)NC(Cc1ccccc1)C	CC(Cc1ccccc1)NC(=O)C(CC(=O)O)N		True	2400	-0.243	9.623	-1.0	0.0307005	-1.1179999999999999	1.0	0.0	96.87	2.0	44.501000000000005	0.0	27.113000000000003	0.0	1.0	0.0	1.0	1.0	7.0	0.0	5.0	5.0	6.0	0.0	6.0	0.0	18.0	23.998	8.958	14.777999999999999	12.091	-0.9209999999999999	-0.5429999999999999	-1.109	19.147000000000002	-0.54	16.561	-4.898	-0.784	5.046	464.459	175.447	136.92700000000002	152.084	0.0	829.443	3.0	4.5	0.0167813	0.9191985	250.2936	-1.1485	6	96.87	51.167	62.9371	29.691	1	1	2	18	0
Asp 10	Sweet	Rojas et al. (2017)	OC(=O)CC(N)C(=O)NC(CCCCC)C	CCCCCC(NC(=O)C(CC(=O)O)N)C		True	2104	-0.794	9.437999999999999	-1.0	0.1175912	-0.4	1.0	0.0	96.87	2.0	40.878	0.0	25.076999999999998	0.0	1.0	0.0	1.0	1.0	9.0	0.0	4.0	5.0	0.0	0.0	0.0	0.0	16.0	22.514	7.992999999999999	15.095	10.68	-1.0759999999999998	-0.902	-1.206	13.501	-0.948	10.904000000000002	-5.568	-0.836	10.061	503.93800000000005	349.301	154.636	0.0	0.0	860.7339999999999	3.0	4.5	0.0154666	0.8683620000000001	230.304	-0.8121	8	96.87	46.0	56.6451	24.107	0	0	2	16	0
Asp 18	Sweet	Rojas et al. (2017)	OC(=O)CC(N)C(=O)NC(C(CCCCC)C)C	CCCCCC(C(NC(=O)C(CC(=O)O)N)C)C		True	806	-0.7759999999999999	10.017000000000001	-2.0	0.041925699999999996	-0.905	1.0	0.0	96.87	2.0	39.329	0.0	27.518	0.0	1.0	0.0	1.0	1.0	10.0	0.0	4.0	5.0	0.0	0.0	0.0	0.0	18.0	27.204	9.331	15.669	11.029000000000002	-0.493	-2.039	-2.0140000000000002	7.132999999999999	-1.45	5.742000000000001	-5.973	-0.588	6.455	588.5319999999999	406.724	181.808	0.0	0.0	993.967	3.0	4.5	0.0132435	0.8184197	258.3571	-0.0366	9	96.87	49.333	65.7179	27.776999999999997	0	0	3	18	0
Asp 53	Sweet	Rojas et al. (2017)	O(C(=O)C(NC(=O)C(N)CC(O)=O)CCCNOC(=O)C)C	COC(=O)C(NC(=O)C(CC(=O)O)N)CCCNOC(=O)C		True	2367	-0.598	9.722999999999999	-2.0	0.0687999	-0.48700000000000004	1.0	0.0	161.5	1.0	10.142000000000001	0.0	28.328000000000003	1.0	1.0	0.0	1.0	1.0	11.0	2.0	5.0	10.0	0.0	0.0	0.0	0.0	22.0	29.276	10.767000000000001	20.149	16.675	-2.532	-1.222	-2.119	0.775	-2.5610000000000004	0.53	-7.737	-1.158	8.547	619.919	337.156	282.763	0.0	0.0	1061.7930000000001	3.25	9.25	0.026899799999999998	0.8119388000000001	319.311	-3.5265	12	161.5	71.334	68.0037	28.739	0	0	2	22	0
Asp 62	Sweet	Rojas et al. (2017)	S(C(C)C)CC(NC(=O)C(N)CC(O)=O)C(OC)=O	COC(=O)C(NC(=O)C(CC(=O)O)N)CSC(C)C		True	2251	0.316	9.272	-2.0	0.0339212	-1.0170000000000001	1.0	0.0	148.47	2.0	28.568	0.0	26.244	0.0	1.0	0.0	1.0	1.0	9.0	1.0	5.0	7.0	0.0	0.0	0.0	0.0	19.0	27.822	9.581	15.950999999999999	12.069	-1.203	-2.051	-2.101	3.05	-1.764	2.9410000000000003	-6.805	-0.764	5.805	592.163	348.63	221.78400000000002	0.0	21.748	993.383	2.25	6.25	0.0158318	0.8130834	292.3519	-2.2481	9	148.47	58.833	66.1348	27.83	0	0	2	19	0
Asp 66	Sweet	Rojas et al. (2017)	O(C(=O)C(NC(=O)C(N)CC(O)=O)CCC(OC)=O)C	COC(=O)CCC(C(=O)OC)NC(=O)C(CC(=O)O)N		True	1413	-0.44799999999999995	9.747	-2.0	0.0251336	-0.473	1.0	0.0	149.47	1.0	10.099	0.0	28.743000000000002	1.0	1.0	0.0	1.0	1.0	9.0	2.0	6.0	9.0	0.0	0.0	0.0	0.0	20.0	27.418000000000003	9.777999999999999	16.683	14.181	-2.377	-1.514	-2.255	0.6859999999999999	-2.5540000000000003	0.46799999999999997	-8.026	-1.034	4.971	595.0980000000001	307.075	288.02299999999997	0.0	0.0	983.2869999999999	2.25	7.75	0.0195346	0.8035819000000001	290.2698	-3.3117	10	149.47	67.334	60.0584	25.553	0	0	2	20	0
Asp 76	Sweet	Rojas et al. (2017)	O(C(=O)C=C)CC(NC(=O)C(N)CC(O)=O)C	CC(NC(=O)C(CC(=O)O)N)COC(=O)C=C		True	1680	0.08800000000000001	9.595	-2.0	0.0586019	-0.069	1.0	0.0	123.17	1.0	22.365	0.0	26.263	1.0	1.0	0.0	1.0	1.0	8.0	1.0	4.0	7.0	0.0	0.0	0.0	0.0	17.0	23.436	8.642000000000001	16.06	13.799000000000001	-2.221	-0.8809999999999999	-1.895	2.9560000000000004	-1.6269999999999998	2.161	-6.752000000000001	-1.072	7.082000000000001	518.69	245.732	223.206	49.751000000000005	0.0	855.87	3.0	6.5	0.0217053	0.8404843000000001	244.2444	-2.6226	8	123.17	56.667	53.6614	22.803	0	0	2	17	0
Asp 77	Sweet	Rojas et al. (2017)	O(C(=O)CCC)CC(NC(=O)C(N)CC(O)=O)C	CCCC(=O)OCC(NC(=O)C(CC(=O)O)N)C		True	1681	-0.5670000000000001	9.814	-2.0	0.0215994	-0.34	1.0	0.0	123.17	2.0	30.816	0.0	27.566999999999997	0.0	1.0	0.0	1.0	1.0	9.0	1.0	5.0	7.0	0.0	0.0	0.0	0.0	18.0	23.374000000000002	8.491	15.356	13.050999999999998	-1.824	-0.47700000000000004	-1.008	6.502000000000001	-1.18	5.2	-6.146	-1.012	4.365	505.17199999999997	319.16200000000003	186.01	0.0	0.0	882.2230000000001	3.0	6.5	0.0222861	0.8805985000000001	260.2869	-2.0904	9	123.17	56.667	58.2416	24.83	0	0	2	18	0
Asp 81	Sweet	Rojas et al. (2017)	O(C(=O)CCCC)CC(NC(=O)C(N)CC(O)=O)C	CCCCC(=O)OCC(NC(=O)C(CC(=O)O)N)C		True	129	-0.632	9.77	-2.0	0.062343100000000005	-0.584	1.0	0.0	123.17	2.0	26.37	0.0	25.910999999999998	0.0	1.0	0.0	1.0	1.0	10.0	1.0	5.0	7.0	0.0	0.0	0.0	0.0	19.0	25.44	9.281	16.725	13.020999999999999	-1.6780000000000002	-0.932	-1.334	3.286	-1.609	2.406	-6.652	-0.9259999999999999	7.695	543.096	324.44	218.655	0.0	0.0	949.909	3.0	6.5	0.0207299	0.860485	274.3135	-1.6342	10	123.17	58.167	62.8426	26.665	0	0	2	19	0
Asp 83	Sweet	Rojas et al. (2017)	O(C(=O)CC(C)C)CC(NC(=O)C(N)CC(O)=O)C	CC(CC(=O)OCC(NC(=O)C(CC(=O)O)N)C)C		True	504	-0.665	9.824	-2.0	0.0688498	-0.584	1.0	0.0	123.17	2.0	34.185	0.0	26.205	0.0	1.0	0.0	1.0	1.0	9.0	1.0	5.0	7.0	0.0	0.0	0.0	0.0	19.0	25.268	8.908999999999999	16.653	12.939	-1.495	-0.759	-0.96	7.827000000000001	-1.1059999999999999	6.185	-6.011	-0.905	8.0	521.314	342.655	178.65900000000002	0.0	0.0	929.568	3.0	6.5	0.0215961	0.8835953999999999	274.3135	-1.8386	9	123.17	58.5	62.7902	26.665	0	0	2	19	0
Asp 85	Sweet	Rojas et al. (2017)	O(C(=O)C1CC1C)CC(NC(=O)C(N)CC(O)=O)C	CC(NC(=O)C(CC(=O)O)N)COC(=O)C1CC1C		True	1933	-0.423	9.677	-2.0	0.0112592	-0.354	1.0	0.0	123.17	2.0	30.34	0.0	27.74	0.0	1.0	0.0	1.0	1.0	8.0	2.0	4.0	7.0	3.0	3.0	0.0	3.0	19.0	25.997	9.073	16.250999999999998	13.390999999999998	-1.601	-0.853	-0.903	5.17	-1.1840000000000002	4.073	-6.433	-0.8540000000000001	3.239	520.071	323.70799999999997	196.363	0.0	0.0	931.7310000000001	3.0	6.5	0.0216477	0.8870802	272.2976	-2.2039	8	123.17	57.833	60.9615	25.891	0	1	4	19	0
Asp 88	Sweet	Rojas et al. (2017)	O(C(=O)C1CCC1C)CC(NC(=O)C(N)CC(O)=O)C	CC(NC(=O)C(CC(=O)O)N)COC(=O)C1CCC1C		True	902	-0.6990000000000001	9.823	-2.0	0.0642056	-0.537	1.0	0.0	123.17	2.0	34.7	0.0	26.886999999999997	0.0	1.0	0.0	1.0	1.0	8.0	1.0	5.0	7.0	4.0	4.0	0.0	4.0	20.0	27.151999999999997	9.121	17.234	13.28	-1.3459999999999999	-1.2690000000000001	-1.3019999999999998	7.477	-1.135	5.9670000000000005	-6.135	-0.815	7.853	545.934	365.751	180.183	0.0	0.0	960.5939999999999	3.0	6.5	0.0206222	0.8624189	286.3242	-1.7477	8	123.17	59.333	65.5625	27.726	0	1	4	20	0
Asp 90	Sweet	Rojas et al. (2017)	O(C(=O)C)CC(NC(=O)C(N)CC(O)=O)CO	OCC(NC(=O)C(CC(=O)O)N)COC(=O)C		True	106	-0.769	9.716000000000001	-2.0	0.0256526	0.35100000000000003	1.0	0.0	143.4	1.0	6.331	0.0	22.383000000000003	1.0	1.0	0.0	1.0	1.0	9.0	1.0	5.0	8.0	0.0	0.0	0.0	0.0	17.0	21.593000000000004	8.769	17.522000000000002	16.441	-3.4360000000000004	-0.38299999999999995	-1.5090000000000001	0.938	-2.157	0.579	-7.86	-1.341	4.636	505.816	226.80599999999998	279.01	0.0	0.0	837.7360000000001	4.0	8.2	0.032422900000000004	0.8496575999999999	248.2331	-4.1017	8	143.4	59.167	50.558	21.796999999999997	0	0	2	17	0
Asp 105	Sweet	Rojas et al. (2017)	O(C(=O)CC)CC(NC(=O)C(N)CC(O)=O)C(O)C	CC(C(NC(=O)C(CC(=O)O)N)COC(=O)CC)O		True	2531	-0.55	9.959	-2.0	0.0185799	-0.08	1.0	0.0	143.4	1.0	19.207	0.0	23.435	1.0	1.0	0.0	1.0	1.0	10.0	1.0	6.0	8.0	0.0	0.0	0.0	0.0	19.0	23.905	9.222000000000001	18.01	16.006	-2.6639999999999997	-0.447	-1.2790000000000001	2.7489999999999997	-1.686	1.889	-6.841	-1.224	4.115	526.315	297.407	228.908	0.0	0.0	911.556	4.0	8.2	0.0311601	0.8638568000000001	276.2863	-3.0573	9	143.4	62.5	59.6031	25.467	0	0	3	19	0
Asp 107	Sweet	Rojas et al. (2017)	O(C(=O)CC)CC(NC(=O)C(N)CC(O)=O)C(C)C	CCC(=O)OCC(C(C)C)NC(=O)C(CC(=O)O)N		True	2272	-0.621	9.798	-2.0	0.0609491	-0.584	1.0	0.0	123.17	2.0	27.732	0.0	26.820999999999998	0.0	1.0	0.0	1.0	1.0	9.0	1.0	5.0	7.0	0.0	0.0	0.0	0.0	19.0	26.572	9.302	17.059	13.308	-1.584	-1.296	-1.5959999999999999	3.6489999999999996	-1.5730000000000002	2.7439999999999998	-6.645	-0.872	7.6579999999999995	558.254	345.166	213.088	0.0	0.0	962.1460000000001	3.0	6.5	0.020166999999999997	0.8442940999999999	274.3135	-1.7036	9	123.17	58.5	62.6366	26.665	0	0	2	19	0
Asp 108	Sweet	Rojas et al. (2017)	O(C(=O)C(C)C)CC(NC(=O)C(N)CC(O)=O)C(C)C	CC(C(NC(=O)C(CC(=O)O)N)COC(=O)C(C)C)C		True	198	-0.6890000000000001	9.759	-2.0	0.057451800000000004	-0.8320000000000001	1.0	0.0	123.17	2.0	29.78	0.0	26.469	0.0	1.0	0.0	1.0	1.0	9.0	1.0	5.0	7.0	0.0	0.0	0.0	0.0	20.0	29.435	9.991	18.011	13.377	-1.183	-1.83	-1.7409999999999999	3.51	-1.636	2.613	-6.684	-0.7140000000000001	7.706	591.874	376.708	215.166	0.0	0.0	1033.678	3.0	6.5	0.0190215	0.8353316999999999	288.3401	-1.2411	9	123.17	60.333	67.2111	28.5	0	0	2	20	0
Asp 109	Sweet	Rojas et al. (2017)	O(C(=O)C1CC1)CC(NC(=O)C(N)CC(O)=O)C(C)C	CC(C(NC(=O)C(CC(=O)O)N)COC(=O)C1CC1)C		True	2410	-0.6559999999999999	9.802	-2.0	0.037587999999999996	-0.602	1.0	0.0	123.17	2.0	27.051	0.0	19.117	0.0	1.0	0.0	1.0	1.0	9.0	2.0	4.0	7.0	3.0	3.0	0.0	3.0	20.0	26.858	9.493	16.937	12.79	-1.5959999999999999	-1.449	-1.3619999999999999	3.3739999999999997	-1.598	2.165	-6.831	-0.841	6.0360000000000005	551.567	328.423	223.145	0.0	0.0	969.29	3.0	6.5	0.020411500000000003	0.8587543	286.3242	-1.6127	9	123.17	59.333	65.4089	27.726	0	1	2	20	0
Asp 110	Sweet	Rojas et al. (2017)	O(C(=O)C1CCC1)CC(NC(=O)C(N)CC(O)=O)C(C)C	CC(C(NC(=O)C(CC(=O)O)N)COC(=O)C1CCC1)C		True	2704	-0.6509999999999999	9.815	-2.0	0.0613217	-0.79	1.0	0.0	123.17	2.0	38.611999999999995	0.0	26.55	0.0	1.0	0.0	1.0	1.0	9.0	1.0	5.0	7.0	4.0	4.0	0.0	4.0	21.0	28.559	9.555	17.634	13.007	-0.971	-1.367	-1.2309999999999999	9.321	-1.092	7.522	-5.858	-0.7340000000000001	7.877000000000001	562.2869999999999	391.921	170.36599999999999	0.0	0.0	1011.791	3.0	6.5	0.020022400000000003	0.8668314	300.3508	-1.1565	9	123.17	60.833	70.0099	29.561	0	1	2	21	0
Asp 112	Sweet	Rojas et al. (2017)	O(C(=O)C)CC(NC(=O)C(N)CC(O)=O)CCC	CCCC(NC(=O)C(CC(=O)O)N)COC(=O)C		True	615	-0.62	9.82	-2.0	0.0193745	-0.34	1.0	0.0	123.17	2.0	27.061	0.0	24.173000000000002	0.0	1.0	0.0	1.0	1.0	9.0	1.0	4.0	7.0	0.0	0.0	0.0	0.0	18.0	24.615	8.855	15.823	13.027999999999999	-1.838	-0.9640000000000001	-1.375	4.053999999999999	-1.4869999999999999	2.918	-6.597	-0.9690000000000001	4.206	530.589	320.101	210.488	0.0	0.0	913.2489999999999	3.0	6.5	0.021218599999999997	0.8579585999999999	260.2869	-2.2336	9	123.17	56.667	58.1389	24.83	0	0	2	18	0
Asp 124	Sweet	Rojas et al. (2017)	O(C(=O)CCC)CC(NC(=O)C(N)CC(O)=O)C(OC)=O	CCCC(=O)OCC(C(=O)OC)NC(=O)C(CC(=O)O)N		True	2806	-0.248	9.826	-2.0	0.020806799999999997	-0.725	1.0	0.0	149.47	1.0	15.995999999999999	0.0	27.156999999999996	0.0	1.0	0.0	1.0	1.0	10.0	2.0	6.0	9.0	0.0	0.0	0.0	0.0	21.0	29.381	10.321	17.177	13.809000000000001	-1.883	-1.911	-2.38	1.01	-2.5	0.6890000000000001	-7.627999999999999	-0.9309999999999999	4.671	627.159	355.51800000000003	271.64099999999996	0.0	0.0	1048.387	2.25	7.75	0.018536	0.7957957	304.2964	-2.6254	11	149.47	68.834	64.4224	27.388	0	0	2	21	0
Asp 129	Sweet	Rojas et al. (2017)	O(C(C)C)C(=O)CC(NC(=O)C(N)CC(O)=O)C	CC(CC(=O)OC(C)C)NC(=O)C(CC(=O)O)N		True	245	-0.574	9.469	-2.0	0.0454229	-0.682	1.0	0.0	123.17	2.0	27.945999999999998	0.0	27.348000000000003	0.0	1.0	0.0	1.0	1.0	8.0	1.0	5.0	7.0	0.0	0.0	0.0	0.0	18.0	24.785	8.594	14.332	11.048	-1.446	-1.128	-1.226	3.38	-1.4369999999999998	2.553	-6.797999999999999	-0.78	6.399	520.443	304.296	216.148	0.0	0.0	901.452	2.0	5.5	0.0149453	0.8671348	260.2869	-2.3716	8	123.17	57.0	58.2892	24.83	0	0	2	18	0
Asp 131	Sweet	Rojas et al. (2017)	O(C(C)(C)C)C(=O)CC(NC(=O)C(N)CC(O)=O)C	CC(CC(=O)OC(C)(C)C)NC(=O)C(CC(=O)O)N		True	1674	-0.615	9.814	-2.0	0.063109	-0.9420000000000001	1.0	0.0	123.17	2.0	31.935	0.0	26.253	0.0	1.0	0.0	1.0	1.0	8.0	1.0	5.0	7.0	0.0	0.0	0.0	0.0	19.0	27.163	9.041	15.325	10.99	-1.04	-1.715	-1.511	4.158	-1.4380000000000002	3.125	-6.64	-0.647	7.787000000000001	554.309	346.723	207.58599999999998	0.0	0.0	960.8710000000001	2.0	5.5	0.0140322	0.8495520000000001	274.3135	-2.1666	8	123.17	58.917	62.9268	26.665	0	0	2	19	0
Asp 138	Sweet	Rojas et al. (2017)	O(C(=O)CCNC(=O)C(N)CC(O)=O)C1CCCC1	O=C(OC1CCCC1)CCNC(=O)C(CC(=O)O)N		True	2575	-0.618	9.872	-2.0	0.06541430000000001	-0.88	1.0	0.0	123.17	2.0	34.994	0.0	21.401	0.0	1.0	0.0	1.0	1.0	8.0	1.0	5.0	7.0	5.0	0.0	5.0	5.0	19.0	25.045	8.527999999999999	14.599	10.402999999999999	-1.202	-1.234	-1.004	6.9639999999999995	-1.136	4.957	-6.28	-0.754	7.707000000000001	514.805	326.767	188.03799999999998	0.0	0.0	907.941	2.0	5.5	0.015109000000000001	0.8808344000000001	272.2976	-2.0733	8	123.17	57.167	61.1172	25.891	0	1	1	19	0
Asp 139	Sweet	Rojas et al. (2017)	O(C(=O)CCNC(=O)C(N)CC(O)=O)C1CCCCC1	OC(=O)CC(C(=O)NCCC(=O)OC1CCCCC1)N		True	1670	-0.73	9.777999999999999	-2.0	0.0137048	-1.139	1.0	0.0	123.17	2.0	34.143	0.0	25.601	0.0	1.0	0.0	1.0	1.0	8.0	1.0	5.0	7.0	6.0	0.0	6.0	6.0	20.0	28.079	9.155	14.865	10.954	-0.87	-2.134	-1.874	4.863	-1.479	3.654	-6.518	-0.606	3.6719999999999997	578.38	377.41900000000004	200.96099999999998	0.0	0.0	983.7610000000001	2.0	5.5	0.0134482	0.8270742	286.3242	-1.6171	8	123.17	58.667	65.7182	27.726	0	1	1	20	0
Asp 141	Sweet	Rojas et al. (2017)	O(C(C)(C)C)C(=O)C(CNC(=O)C(N)CC(O)=O)C	CC(C(=O)OC(C)(C)C)CNC(=O)C(CC(=O)O)N		True	1440	-0.66	9.508	-2.0	0.0292342	-0.9420000000000001	1.0	0.0	123.17	2.0	32.461999999999996	0.0	23.608	0.0	1.0	0.0	1.0	1.0	8.0	1.0	5.0	7.0	0.0	0.0	0.0	0.0	19.0	27.728	9.121	14.99	10.853	-0.9790000000000001	-2.149	-1.883	4.25	-1.558	3.037	-6.662000000000001	-0.629	5.3389999999999995	575.316	366.51599999999996	208.8	0.0	0.0	974.9860000000001	2.0	5.5	0.013519799999999998	0.8265275	274.3135	-2.0816	8	123.17	58.917	63.0831	26.665	0	0	2	19	0
Asp 157	Sweet	Rojas et al. (2017)	O(C(C)(C)C)C(=O)CC(NC(=O)C(N)CC(O)=O)C(OC)=O	COC(=O)C(NC(=O)C(CC(=O)O)N)CC(=O)OC(C)(C)C		True	2578	-0.43200000000000005	9.833	-2.0	0.0195031	-1.071	1.0	0.0	149.47	1.0	25.285999999999998	0.0	25.941999999999997	0.0	1.0	0.0	1.0	1.0	9.0	2.0	6.0	9.0	0.0	0.0	0.0	0.0	22.0	31.25	10.329	17.219	13.105	-1.3259999999999998	-2.265	-2.235	2.193	-2.021	1.555	-7.0889999999999995	-0.763	4.587	632.1569999999999	395.004	237.153	0.0	0.0	1079.024	2.0	7.5	0.016778400000000002	0.8048109999999999	318.323	-2.7016	10	149.47	71.084	69.1076	29.223000000000003	0	0	2	22	0
Asp 159	Sweet	Rojas et al. (2017)	O(C(=O)C(NC(=O)C(N)CC(O)=O)CC)C	CCC(C(=O)OC)NC(=O)C(CC(=O)O)N		True	355	-0.674	9.668	-2.0	0.0247372	-0.09699999999999999	1.0	0.0	123.17	1.0	21.61	0.0	28.653000000000002	1.0	1.0	0.0	1.0	1.0	7.0	1.0	5.0	7.0	0.0	0.0	0.0	0.0	16.0	21.912	7.737	13.548	11.997	-2.185	-0.831	-1.568	2.611	-1.5730000000000002	1.982	-7.0920000000000005	-1.003	4.486000000000001	498.17800000000005	271.29200000000003	226.886	0.0	0.0	813.602	2.25	5.75	0.017313099999999998	0.8460348	232.2337	-2.7157	7	123.17	53.667	49.0229	21.16	0	0	2	16	0
Asp 163	Sweet	Rojas et al. (2017)	O(C(C)C)C(=O)C(NC(=O)C(N)CC(O)=O)CO	OCC(C(=O)OC(C)C)NC(=O)C(CC(=O)O)N		True	2071	-0.45799999999999996	9.911	-2.0	0.0241	-0.40299999999999997	1.0	0.0	143.4	1.0	20.392	0.0	20.476	1.0	1.0	0.0	1.0	1.0	9.0	1.0	6.0	8.0	0.0	0.0	0.0	0.0	18.0	23.198	8.583	14.439	11.782	-2.146	-0.856	-1.2919999999999998	2.167	-1.749	1.3780000000000001	-7.183	-1.023	4.6	513.717	271.443	242.274	0.0	0.0	877.841	2.25	6.45	0.0188333	0.8630812	262.2597	-3.4013	8	143.4	61.0	55.2092	23.631999999999998	0	0	2	18	0
Asp 164	Sweet	Rojas et al. (2017)	O(C(=O)C(NC(=O)C(N)CC(O)=O)CO)CCCC	CCCCOC(=O)C(NC(=O)C(CC(=O)O)N)CO		True	1353	-0.752	9.618	-2.0	0.0321781	-0.655	1.0	0.0	143.4	1.0	15.127	0.0	29.42	0.0	1.0	0.0	1.0	1.0	11.0	1.0	6.0	8.0	0.0	0.0	0.0	0.0	19.0	25.331999999999997	9.492	15.245	12.378	-1.9040000000000001	-1.2690000000000001	-2.089	0.9179999999999999	-2.46	0.65	-7.577999999999999	-0.953	5.567	579.586	305.46	274.126	0.0	0.0	963.247	2.25	6.45	0.016693	0.8138403000000001	276.2863	-2.7989	10	143.4	62.167	59.9162	25.467	0	0	2	19	0
Asp 166	Sweet	Rojas et al. (2017)	O(C(=O)C(NC(=O)C(N)CC(O)=O)CO)C1CCCCC1	OCC(C(=O)OC1CCCCC1)NC(=O)C(CC(=O)O)N		True	2665	-0.489	9.775	-2.0	0.0165014	-1.105	1.0	0.0	143.4	1.0	19.926	0.0	24.416	0.0	1.0	0.0	1.0	1.0	9.0	1.0	6.0	8.0	6.0	0.0	6.0	6.0	21.0	27.73	9.751	15.982999999999999	12.327	-1.611	-1.58	-1.571	1.365	-2.005	0.904	-7.513	-0.773	4.044	568.364	308.209	260.156	0.0	0.0	991.079	2.25	6.45	0.0170225	0.8458181	302.3236	-2.2693	8	143.4	64.5	67.0564	28.363000000000003	0	1	2	21	0
Asp 170	Sweet	Rojas et al. (2017)	O(C(C)C)C(=O)C(NC(=O)C(N)CC(O)=O)C(O)C	OC(=O)CC(C(=O)NC(C(=O)OC(C)C)C(O)C)N		True	2776	-0.547	9.846	-2.0	0.0352019	-0.655	1.0	0.0	143.4	2.0	26.634	0.0	23.869	0.0	1.0	0.0	1.0	1.0	9.0	1.0	6.0	8.0	0.0	0.0	0.0	0.0	19.0	24.4	8.741	14.918	11.863	-1.7730000000000001	-0.8240000000000001	-1.119	3.654	-1.462	2.592	-6.69	-0.9440000000000001	5.653	518.956	303.45	215.50599999999997	0.0	0.0	907.868	2.25	6.45	0.018643200000000002	0.8737412	276.2863	-3.0238	8	143.4	62.833	59.6274	25.467	0	0	3	19	0
Asp 181	Sweet	Rojas et al. (2017)	O(C(=O)C(NC(=O)C(N)CC(O)=O)CC)CCC	CCCOC(=O)C(NC(=O)C(CC(=O)O)N)CC		True	2023	-0.73	9.649	-2.0	0.026879000000000004	-0.594	1.0	0.0	123.17	1.0	26.622	0.0	28.45	0.0	1.0	0.0	1.0	1.0	9.0	1.0	5.0	7.0	0.0	0.0	0.0	0.0	18.0	25.335	8.828	14.639000000000001	11.655	-1.469	-1.475	-1.905	2.9010000000000002	-1.756	2.2119999999999997	-6.814	-0.828	5.003	558.89	336.656	222.234	0.0	0.0	931.2339999999999	2.25	5.75	0.015432399999999999	0.8251719999999999	260.2869	-1.8432	9	123.17	56.667	58.2951	24.83	0	0	2	18	0
Asp 189	Sweet	Rojas et al. (2017)	O(C(C)C)C(=O)C(NC(=O)C(N)CC(O)=O)C	CC(C(=O)OC(C)C)NC(=O)C(CC(=O)O)N		True	39	-0.397	9.88	-1.0	0.0163792	-0.34299999999999997	1.0	0.0	123.17	2.0	32.755	0.0	21.865	0.0	1.0	0.0	1.0	1.0	7.0	1.0	5.0	7.0	0.0	0.0	0.0	0.0	17.0	22.329	7.8629999999999995	13.514000000000001	11.12	-1.7590000000000001	-0.638	-0.649	7.945	-0.945	5.768	-6.257000000000001	-0.929	3.674	470.84	289.225	181.615	0.0	0.0	824.039	2.25	5.75	0.0183183	0.9027966999999999	246.2603	-2.5131	7	123.17	55.5	53.6649	22.995	0	0	2	17	0
Asp 208	Sweet	Rojas et al. (2017)	O(C(OC(=O)C(NC(=O)C(N)CC(O)=O)C(OC)=O)=O)C1CC2CC[C@]1(C)C2(C)C	COC(=O)C(C(=O)OC(=O)OC1CC2C([C@@]1(C)CC2)(C)C)NC(=O)C(CC(=O)O)N		True	1840	0.8079999999999999	9.605	-2.0	0.0168303	-3.886	1.0	1.0	181.76	1.0	19.073	0.0	0.0	0.0	1.0	0.0	1.0	0.0	9.0	2.0	4.0	11.0	7.0	0.0	7.0	7.0	30.0	38.283	12.345	20.253	11.702	0.221	-3.81	-3.1	1.629	-2.161	0.675	-7.707000000000001	0.06	4.591	669.617	387.32800000000003	272.539	9.75	0.0	1252.455	2.25	7.25	0.0162406	0.8391636	427.4257	-1.3903	10	181.76	92.501	93.5228	39.016999999999996	0	2	4	30	-1
Aspartame-acesulfame salt	Sweet	Rojas et al. (2017)	S1(OC(=CC(=O)N1)C)(=O)=O.O(C(=O)C(NC(=O)C(N)CC(O)=O)Cc1ccccc1)C	O=C1C=C(C)OS(=O)(=O)N1.COC(=O)C(NC(=O)C(CC(=O)O)N)Cc1ccccc1		True	2660	-0.006	9.718	-2.0	0.0180955	-1.5819999999999999	1.0	0.0	123.17	2.0	35.211	0.0	26.215999999999998	0.0	1.0	0.0	1.0	1.0	8.0	1.0	6.0	7.0	6.0	0.0	6.0	0.0	21.0	28.874000000000002	10.35	16.096	12.700999999999999	-0.8540000000000001	-1.429	-2.039	5.5089999999999995	-1.236	4.232	-5.771	-0.6779999999999999	4.17	541.37	167.197	194.733	179.43900000000002	0.0	960.788	2.25	5.75	0.0159318	0.8698065	294.3031	-1.6835	8	123.17	63.333999999999996	69.1179	32.249	1	1	2	21	0
Calcium cyclamate	Sweet	Rojas et al. (2017)	[CaH2].S(O)(=O)(=O)NC1CCCCC1.S(O)(=O)(=O)NC1CCCCC1	OS(=O)(=O)NC1CCCCC1.OS(=O)(=O)NC1CCCCC1.[CaH2]		True	1951	0.29	9.979	-1.0	0.0638927	-1.222	0.0	0.0	77.61	2.0	66.906	0.0	0.0	1.0	0.0	0.0	1.0	0.0	3.0	0.0	0.0	4.0	6.0	0.0	6.0	6.0	11.0	15.742	5.367999999999999	10.773	8.307	0.653	-1.349	-1.063	104.50200000000001	-0.768	55.586000000000006	-3.9139999999999997	-0.7759999999999999	6.167000000000001	373.066	226.33599999999998	145.563	0.0	1.166	595.255	2.0	4.5	0.0170586	0.9173078000000001	178.2294	0.1264	2	77.61	35.25	38.6517	16.086	0	1	0	11	-1
Calcium saccharin	Sweet	Rojas et al. (2017)	[CaH2].S1(=O)(=O)NC(=O)c2c1cccc2.S1(=O)(=O)NC(=O)c2c1cccc2	O=C1NS(=O)(=O)c2c1cccc2.O=C1NS(=O)(=O)c2c1cccc2.[CaH2]		True	652	1.2109999999999999	10.602	-1.0	0.0235929	-1.5819999999999999	0.0	0.0	59.59	2.0	67.484	0.0	0.0	2.0	0.0	0.0	0.0	0.0	0.0	0.0	0.0	4.0	9.0	0.0	9.0	1.0	12.0	17.043	6.002000000000001	10.036	9.3	-0.115	-1.344	-3.603	200.72400000000002	-0.8340000000000001	89.29	-4.22	-0.7140000000000001	3.568	347.92800000000005	0.0	178.562	167.493	1.8730000000000002	539.659	1.0	5.0	0.0143708	0.9213452	182.1766	0.9744	0	59.59	34.918	38.5965	19.647000000000002	1	2	0	12	-1
Homoeohesperidin DHC	Sweet	Rojas et al. (2017)	O1C(CO)C(O)C(O)C(O[C@H]2OC(C)C(O)C(O)C2O)C1Oc1cc(O)c(C(=O)CCc2cc(O)c(OCC)cc2)c(O)c1	CCOc1ccc(cc1O)CCC(=O)c1c(O)cc(cc1O)OC1OC(CO)C(C(C1O[C@H]1OC(C)C(C(C1O)O)O)O)O		True	314	0.532	8.752	-2.0	0.0033200000000000005	-4.8660000000000005	2.0	3.0	245.29	1.0	0.0	0.0	0.0	9.0	0.0	0.0	0.0	0.0	20.0	2.0	12.0	15.0	24.0	0.0	24.0	10.0	44.0	54.782	21.128	39.242	30.484	-0.58	-3.938	-6.695	1.768	-5.604	0.524	-6.312	-1.159	2.448	983.671	426.036	395.282	162.35299999999998	0.0	1804.783	7.0	19.05	0.0512382	0.7287836999999999	626.6030000000001	0.2249	11	245.29	125.166	147.0715	65.273	2	4	10	44	0
Isovanillic 24	Sweet	Rojas et al. (2017)	O1c2cc(O)c(O)cc2C2c3c(OC[C@@]12O)c(O)c(O)cc3	Oc1cc2O[C@]3(C(c2cc1O)c1ccc(c(c1OC3)O)O)O		True	2424	0.057999999999999996	8.717	-2.0	0.0068853000000000004	-3.84	0.0	0.0	119.61	2.0	57.909	0.0	0.0	0.0	0.0	0.0	0.0	0.0	5.0	1.0	5.0	7.0	17.0	0.0	17.0	3.0	22.0	25.43	10.092	18.823	15.113	0.221	-2.204	-4.187	45.486000000000004	-1.829	17.526	-4.979	-0.46	2.388	481.224	63.05	246.549	171.62400000000002	0.0	828.4689999999999	5.0	5.25	0.024394799999999998	0.8864801999999999	304.2516	1.4818	0	119.61	62.419	72.8607	35.038000000000004	2	4	2	22	0
Naringin DHC	Sweet	Rojas et al. (2017)	O1C(CO)C(O)C(O)C(OC2OC(C)C(O)C(O)C2O)C1Oc1cc(O)c(C(=O)CCc2ccc(O)cc2)c(O)c1	OCC1OC(Oc2cc(O)c(c(c2)O)C(=O)CCc2ccc(cc2)O)C(C(C1O)O)OC1OC(C)C(C(C1O)O)O		True	958	0.44	9.134	-2.0	0.0490481	-4.343999999999999	2.0	3.0	236.06	1.0	0.0	0.0	0.0	7.0	0.0	0.0	0.0	0.0	18.0	2.0	11.0	14.0	24.0	0.0	24.0	10.0	41.0	45.1	17.705	36.607	29.535	-1.4680000000000002	-1.735	-4.812	1.7590000000000001	-4.263	0.521	-6.5760000000000005	-1.139	8.677999999999999	766.678	227.946	395.50300000000004	143.22899999999998	0.0	1535.34	7.0	18.3	0.063152	0.8395017	582.5505	-0.1075	9	236.06	118.499	135.8603	60.966	2	4	10	41	0
Polypodoside A	Sweet	Rojas et al. (2017)	O1[C@H](OC2CC[C@]3([C@H](C2)C(=O)C=C2[C@H]4CC[C@H](C(C)[C@@H]5OC(O[C@H]6OC(C)C(O)C(O)C6O)C(CC5)C)[C@@]4(CC[C@H]23)C)C)C(O[C@H]2OC(C)C(O)C(O)C2O)C(O)C(O)C1CO	OCC1O[C@H](OC2CC[C@]3([C@H](C2)C(=O)C=C2[C@H]3CC[C@@]3([C@@H]2CC[C@@H]3C([C@H]2CCC(C(O2)O[C@H]2OC(C)C(C(C2O)O)O)C)C)C)C)C(C(C1O)O)O[C@H]1OC(C)C(C(C1O)O)O		True	2326	-0.001	9.877	-2.0	0.017849	-5.154	2.0	3.0	263.75	1.0	0.0	0.0	0.0	14.0	0.0	0.0	0.0	0.0	18.0	4.0	12.0	17.0	41.0	0.0	41.0	34.0	62.0	78.96300000000001	24.857	56.38	42.865	-0.843	-3.7039999999999997	-5.462000000000001	5.556	-4.467	1.806	-6.063	-1.2930000000000001	6.562	1142.993	786.803	342.841	13.349	0.0	2412.47	9.0	29.2	0.0766409	0.7610785	885.043	0.8442	9	263.75	152.326	216.4296	87.243	0	8	26	62	0
Potassium glycyrrhizinate	Sweet	Rojas et al. (2017)	[KH].O1[C@H](OC2CC[C@@]3([C@H]4[C@@](CC[C@H]3C2(C)C)(C)[C@@]2(CC[C@@]3([C@H](C2=CC4=O)C[C@@](CC3)(C(O)=O)C)C)C)C)C(O[C@H]2OC(C(O)=O)C(O)C(O)C2O)C(O)C(O)C1C(O	OCC1O[C@H](OC2CC[C@]3([C@H](C2(C)C)CC[C@]2([C@H]3C(=O)C=C3[C@@]2(C)CC[C@@]2([C@H]3C[C@@](C)(CC2)C(=O)O)C)C)C)C(C(C1O)O)O[C@H]1OC(C(=O)O)C(C(C1O)O)O.[KH]		True	2390	0.27	10.187000000000001	-2.0	0.0061327	-6.53	2.0	3.0	255.63	1.0	0.0	0.0	0.0	12.0	0.0	0.0	2.0	0.0	13.0	2.0	9.0	15.0	34.0	0.0	34.0	29.0	57.0	73.536	22.840999999999998	48.0	34.176	1.526	-5.197	-1.5930000000000002	0.095	-4.657	0.036000000000000004	-7.638	-0.6559999999999999	3.6689999999999996	1049.116	626.106	403.466	19.544	0.0	2195.163	7.0	22.0	0.0554815	0.7786090999999999	806.9327	0.6373	7	255.63	152.83	194.4065	78.63600000000001	0	7	19	57	-2
Potassium saccharin	Sweet	Rojas et al. (2017)	[KH].S1(=O)(=O)NC(=O)c2c1cccc2	O=C1NS(=O)(=O)c2c1cccc2.[KH]		True	2542	1.2109999999999999	10.602	-1.0	0.0235929	-1.5819999999999999	0.0	0.0	59.59	2.0	67.484	0.0	0.0	2.0	0.0	0.0	0.0	0.0	0.0	0.0	0.0	4.0	9.0	0.0	9.0	1.0	12.0	17.043	6.002000000000001	10.036	9.3	-0.115	-1.344	-3.603	200.72400000000002	-0.8340000000000001	89.29	-4.22	-0.7140000000000001	3.568	347.92800000000005	0.0	178.562	167.493	1.8730000000000002	539.659	1.0	5.0	0.0143708	0.9213452	182.1766	0.9744	0	59.59	34.918	38.5965	19.647000000000002	1	2	0	12	-1
Pterocaryoside B	Sweet	Rojas et al. (2017)	O1CC(O)C(O)C(O)[C@@H]1OC1[C@@H]2[C@@](CC[C@@H]2[C@@](O)(C\C=C\C(O)(C)C)C)(C)[C@]2([C@@H](C1)[C@@](CCC(O)=O)(C)C(CC2)C(C)=C)C	OC(=O)CC[C@]1(C)C(CC[C@@]2([C@H]1CC(O[C@@H]1OCC(C(C1O)O)O)[C@@H]1[C@]2(C)CC[C@@H]1[C@](C/C=C/C(O)(C)C)(O)C)C)C(=C)C		True	1708	-0.7829999999999999	9.795	-2.0	0.013152200000000003	-6.627999999999999	3.0	2.0	159.74	2.0	41.543	0.0	0.0	4.0	0.0	0.0	1.0	0.0	15.0	1.0	9.0	9.0	19.0	0.0	19.0	18.0	44.0	59.738	18.957	35.503	21.195	4.06	-6.02	-3.319	8.62	-3.157	3.6919999999999997	-4.791	0.321	4.975	939.92	658.337	259.832	21.750999999999998	0.0	1881.9579999999999	6.0	12.0	0.0312727	0.7842973000000001	621.8217	2.6891	10	159.74	109.081	165.2101	65.95100000000001	0	4	13	44	-1
